2026-04-03T19:41:55.083+05:30  INFO 12476 --- [batch-process] [main] c.m.b.BatchProcessApplication            : Starting BatchProcessApplication using Java 17.0.16 with PID 12476 (D:\exercise\application-services\batch-process\target\classes started by Poojak in D:\exercise\application-services)
2026-04-03T19:41:55.083+05:30  INFO 12476 --- [batch-process] [main] c.m.b.BatchProcessApplication            : No active profile set, falling back to 1 default profile: "default"
2026-04-03T19:41:56.770+05:30  INFO 12476 --- [batch-process] [main] .s.d.r.c.RepositoryConfigurationDelegate : Bootstrapping Spring Data JPA repositories in DEFAULT mode.
2026-04-03T19:41:56.887+05:30  INFO 12476 --- [batch-process] [main] .s.d.r.c.RepositoryConfigurationDelegate : Finished Spring Data repository scanning in 109 ms. Found 1 JPA repository interface.
2026-04-03T19:41:58.332+05:30  INFO 12476 --- [batch-process] [main] o.s.b.w.embedded.tomcat.TomcatWebServer  : Tomcat initialized with port 9105 (http)
2026-04-03T19:41:58.360+05:30  INFO 12476 --- [batch-process] [main] o.apache.catalina.core.StandardService   : Starting service [Tomcat]
2026-04-03T19:41:58.361+05:30  INFO 12476 --- [batch-process] [main] o.apache.catalina.core.StandardEngine    : Starting Servlet engine: [Apache Tomcat/10.1.53]
2026-04-03T19:41:58.499+05:30  INFO 12476 --- [batch-process] [main] o.a.c.c.C.[Tomcat].[localhost].[/]       : Initializing Spring embedded WebApplicationContext
2026-04-03T19:41:58.501+05:30  INFO 12476 --- [batch-process] [main] w.s.c.ServletWebServerApplicationContext : Root WebApplicationContext: initialization completed in 3250 ms
2026-04-03T19:41:58.944+05:30  INFO 12476 --- [batch-process] [main] o.hibernate.jpa.internal.util.LogHelper  : HHH000204: Processing PersistenceUnitInfo [name: default]
2026-04-03T19:41:59.061+05:30  INFO 12476 --- [batch-process] [main] org.hibernate.Version                    : HHH000412: Hibernate ORM core version 6.6.45.Final
2026-04-03T19:41:59.136+05:30  INFO 12476 --- [batch-process] [main] o.h.c.internal.RegionFactoryInitiator    : HHH000026: Second-level cache disabled
2026-04-03T19:41:59.881+05:30  INFO 12476 --- [batch-process] [main] o.s.o.j.p.SpringPersistenceUnitInfo      : No LoadTimeWeaver setup: ignoring JPA class transformer
2026-04-03T19:41:59.945+05:30  INFO 12476 --- [batch-process] [main] com.zaxxer.hikari.HikariDataSource       : HikariPool-1 - Starting...
2026-04-03T19:42:01.067+05:30  INFO 12476 --- [batch-process] [main] com.zaxxer.hikari.pool.HikariPool        : HikariPool-1 - Added connection com.mysql.cj.jdbc.ConnectionImpl@3cdfbbef
2026-04-03T19:42:01.072+05:30  INFO 12476 --- [batch-process] [main] com.zaxxer.hikari.HikariDataSource       : HikariPool-1 - Start completed.
2026-04-03T19:42:01.431+05:30  INFO 12476 --- [batch-process] [main] org.hibernate.orm.connections.pooling    : HHH10001005: Database info:
	Database JDBC URL [Connecting through datasource 'HikariDataSource (HikariPool-1)']
	Database driver: undefined/unknown
	Database version: 8.0.44
	Autocommit mode: undefined/unknown
	Isolation level: undefined/unknown
	Minimum pool size: undefined/unknown
	Maximum pool size: undefined/unknown
2026-04-03T19:42:03.345+05:30  INFO 12476 --- [batch-process] [main] o.h.e.t.j.p.i.JtaPlatformInitiator       : HHH000489: No JTA platform available (set 'hibernate.transaction.jta.platform' to enable JTA platform integration)
2026-04-03T19:42:03.684+05:30  INFO 12476 --- [batch-process] [main] j.LocalContainerEntityManagerFactoryBean : Initialized JPA EntityManagerFactory for persistence unit 'default'
2026-04-03T19:42:04.175+05:30  WARN 12476 --- [batch-process] [main] JpaBaseConfiguration$JpaWebConfiguration : spring.jpa.open-in-view is enabled by default. Therefore, database queries may be performed during view rendering. Explicitly configure spring.jpa.open-in-view to disable this warning
2026-04-03T19:42:04.837+05:30  INFO 12476 --- [batch-process] [main] o.s.b.w.embedded.tomcat.TomcatWebServer  : Tomcat started on port 9105 (http) with context path '/'
2026-04-03T19:42:04.885+05:30  INFO 12476 --- [batch-process] [main] c.m.b.BatchProcessApplication            : Started BatchProcessApplication in 11.029 seconds (process running for 11.893)
2026-04-03T19:42:32.555+05:30  INFO 12476 --- [batch-process] [http-nio-9105-exec-2] o.a.c.c.C.[Tomcat].[localhost].[/]       : Initializing Spring DispatcherServlet 'dispatcherServlet'
2026-04-03T19:42:32.555+05:30  INFO 12476 --- [batch-process] [http-nio-9105-exec-2] o.s.web.servlet.DispatcherServlet        : Initializing Servlet 'dispatcherServlet'
2026-04-03T19:42:32.555+05:30  INFO 12476 --- [batch-process] [http-nio-9105-exec-2] o.s.web.servlet.DispatcherServlet        : Completed initialization in 0 ms
2026-04-03T19:42:32.787+05:30  WARN 12476 --- [batch-process] [http-nio-9105-exec-2] .w.s.m.s.DefaultHandlerExceptionResolver : Resolved [org.springframework.web.HttpRequestMethodNotSupportedException: Request method 'GET' is not supported]
2026-04-03T19:42:55.660+05:30  INFO 12476 --- [batch-process] [http-nio-9105-exec-3] c.m.b.controller.FileUploadController    : Entered fileUpload
2026-04-03T19:42:55.661+05:30  INFO 12476 --- [batch-process] [http-nio-9105-exec-3] c.m.b.controller.FileUploadController    : Exit from fileUpload
2026-04-03T19:42:55.663+05:30  INFO 12476 --- [batch-process] [http-nio-9105-exec-3] c.m.b.service.FileUploadService          : Started reading file
2026-04-03T19:42:55.668+05:30  INFO 12476 --- [batch-process] [http-nio-9105-exec-3] c.m.b.service.FileUploadService          : Reading file is completed
2026-04-03T19:54:49.166+05:30  INFO 12476 --- [batch-process] [SpringApplicationShutdownHook] o.s.b.w.e.tomcat.GracefulShutdown        : Commencing graceful shutdown. Waiting for active requests to complete
2026-04-03T19:54:49.279+05:30  INFO 12476 --- [batch-process] [tomcat-shutdown] o.s.b.w.e.tomcat.GracefulShutdown        : Graceful shutdown complete
2026-04-03T19:54:49.279+05:30  INFO 12476 --- [batch-process] [SpringApplicationShutdownHook] j.LocalContainerEntityManagerFactoryBean : Closing JPA EntityManagerFactory for persistence unit 'default'
2026-04-03T19:54:49.279+05:30  INFO 12476 --- [batch-process] [SpringApplicationShutdownHook] com.zaxxer.hikari.HikariDataSource       : HikariPool-1 - Shutdown initiated...
2026-04-03T19:54:49.298+05:30  INFO 12476 --- [batch-process] [SpringApplicationShutdownHook] com.zaxxer.hikari.HikariDataSource       : HikariPool-1 - Shutdown completed.
2026-04-03T20:58:16.496+05:30  INFO 11484 --- [batch-process] [main] c.m.b.BatchProcessApplication            : Starting BatchProcessApplication using Java 17.0.16 with PID 11484 (D:\exercise\application-services\batch-process\target\classes started by Poojak in D:\exercise\application-services)
2026-04-03T20:58:16.501+05:30  INFO 11484 --- [batch-process] [main] c.m.b.BatchProcessApplication            : No active profile set, falling back to 1 default profile: "default"
2026-04-03T20:58:19.430+05:30  INFO 11484 --- [batch-process] [main] .s.d.r.c.RepositoryConfigurationDelegate : Bootstrapping Spring Data JPA repositories in DEFAULT mode.
2026-04-03T20:58:19.711+05:30  INFO 11484 --- [batch-process] [main] .s.d.r.c.RepositoryConfigurationDelegate : Finished Spring Data repository scanning in 228 ms. Found 2 JPA repository interfaces.
2026-04-03T20:58:22.019+05:30  INFO 11484 --- [batch-process] [main] o.s.b.w.embedded.tomcat.TomcatWebServer  : Tomcat initialized with port 9105 (http)
2026-04-03T20:58:22.044+05:30  INFO 11484 --- [batch-process] [main] o.apache.catalina.core.StandardService   : Starting service [Tomcat]
2026-04-03T20:58:22.045+05:30  INFO 11484 --- [batch-process] [main] o.apache.catalina.core.StandardEngine    : Starting Servlet engine: [Apache Tomcat/10.1.53]
2026-04-03T20:58:22.190+05:30  INFO 11484 --- [batch-process] [main] o.a.c.c.C.[Tomcat].[localhost].[/]       : Initializing Spring embedded WebApplicationContext
2026-04-03T20:58:22.192+05:30  INFO 11484 --- [batch-process] [main] w.s.c.ServletWebServerApplicationContext : Root WebApplicationContext: initialization completed in 5467 ms
2026-04-03T20:58:22.901+05:30  INFO 11484 --- [batch-process] [main] o.hibernate.jpa.internal.util.LogHelper  : HHH000204: Processing PersistenceUnitInfo [name: default]
2026-04-03T20:58:23.178+05:30  INFO 11484 --- [batch-process] [main] org.hibernate.Version                    : HHH000412: Hibernate ORM core version 6.6.45.Final
2026-04-03T20:58:23.313+05:30  INFO 11484 --- [batch-process] [main] o.h.c.internal.RegionFactoryInitiator    : HHH000026: Second-level cache disabled
2026-04-03T20:58:24.071+05:30  INFO 11484 --- [batch-process] [main] o.s.o.j.p.SpringPersistenceUnitInfo      : No LoadTimeWeaver setup: ignoring JPA class transformer
2026-04-03T20:58:24.227+05:30  INFO 11484 --- [batch-process] [main] com.zaxxer.hikari.HikariDataSource       : HikariPool-1 - Starting...
2026-04-03T20:58:26.659+05:30  INFO 11484 --- [batch-process] [main] com.zaxxer.hikari.pool.HikariPool        : HikariPool-1 - Added connection com.mysql.cj.jdbc.ConnectionImpl@4fee14b
2026-04-03T20:58:26.662+05:30  INFO 11484 --- [batch-process] [main] com.zaxxer.hikari.HikariDataSource       : HikariPool-1 - Start completed.
2026-04-03T20:58:27.774+05:30  INFO 11484 --- [batch-process] [main] org.hibernate.orm.connections.pooling    : HHH10001005: Database info:
	Database JDBC URL [Connecting through datasource 'HikariDataSource (HikariPool-1)']
	Database driver: undefined/unknown
	Database version: 8.0.44
	Autocommit mode: undefined/unknown
	Isolation level: undefined/unknown
	Minimum pool size: undefined/unknown
	Maximum pool size: undefined/unknown
2026-04-03T20:58:30.044+05:30  INFO 11484 --- [batch-process] [main] o.h.e.t.j.p.i.JtaPlatformInitiator       : HHH000489: No JTA platform available (set 'hibernate.transaction.jta.platform' to enable JTA platform integration)
2026-04-03T20:58:34.946+05:30  INFO 11484 --- [batch-process] [main] j.LocalContainerEntityManagerFactoryBean : Initialized JPA EntityManagerFactory for persistence unit 'default'
2026-04-03T20:58:36.183+05:30  WARN 11484 --- [batch-process] [main] JpaBaseConfiguration$JpaWebConfiguration : spring.jpa.open-in-view is enabled by default. Therefore, database queries may be performed during view rendering. Explicitly configure spring.jpa.open-in-view to disable this warning
2026-04-03T20:58:37.694+05:30  INFO 11484 --- [batch-process] [main] o.s.b.w.embedded.tomcat.TomcatWebServer  : Tomcat started on port 9105 (http) with context path '/'
2026-04-03T20:58:37.957+05:30  INFO 11484 --- [batch-process] [main] o.a.k.clients.consumer.ConsumerConfig    : ConsumerConfig values: 
	allow.auto.create.topics = true
	auto.commit.interval.ms = 5000
	auto.include.jmx.reporter = true
	auto.offset.reset = earliest
	bootstrap.servers = [localhost:9092]
	check.crcs = true
	client.dns.lookup = use_all_dns_ips
	client.id = consumer-file-group-1
	client.rack = 
	connections.max.idle.ms = 540000
	default.api.timeout.ms = 60000
	enable.auto.commit = false
	enable.metrics.push = true
	exclude.internal.topics = true
	fetch.max.bytes = 52428800
	fetch.max.wait.ms = 500
	fetch.min.bytes = 1
	group.id = file-group
	group.instance.id = null
	group.protocol = classic
	group.remote.assignor = null
	heartbeat.interval.ms = 3000
	interceptor.classes = []
	internal.leave.group.on.close = true
	internal.throw.on.fetch.stable.offset.unsupported = false
	isolation.level = read_uncommitted
	key.deserializer = class org.apache.kafka.common.serialization.StringDeserializer
	max.partition.fetch.bytes = 1048576
	max.poll.interval.ms = 300000
	max.poll.records = 500
	metadata.max.age.ms = 300000
	metadata.recovery.strategy = none
	metric.reporters = []
	metrics.num.samples = 2
	metrics.recording.level = INFO
	metrics.sample.window.ms = 30000
	partition.assignment.strategy = [class org.apache.kafka.clients.consumer.RangeAssignor, class org.apache.kafka.clients.consumer.CooperativeStickyAssignor]
	receive.buffer.bytes = 65536
	reconnect.backoff.max.ms = 1000
	reconnect.backoff.ms = 50
	request.timeout.ms = 30000
	retry.backoff.max.ms = 1000
	retry.backoff.ms = 100
	sasl.client.callback.handler.class = null
	sasl.jaas.config = null
	sasl.kerberos.kinit.cmd = /usr/bin/kinit
	sasl.kerberos.min.time.before.relogin = 60000
	sasl.kerberos.service.name = null
	sasl.kerberos.ticket.renew.jitter = 0.05
	sasl.kerberos.ticket.renew.window.factor = 0.8
	sasl.login.callback.handler.class = null
	sasl.login.class = null
	sasl.login.connect.timeout.ms = null
	sasl.login.read.timeout.ms = null
	sasl.login.refresh.buffer.seconds = 300
	sasl.login.refresh.min.period.seconds = 60
	sasl.login.refresh.window.factor = 0.8
	sasl.login.refresh.window.jitter = 0.05
	sasl.login.retry.backoff.max.ms = 10000
	sasl.login.retry.backoff.ms = 100
	sasl.mechanism = GSSAPI
	sasl.oauthbearer.clock.skew.seconds = 30
	sasl.oauthbearer.expected.audience = null
	sasl.oauthbearer.expected.issuer = null
	sasl.oauthbearer.header.urlencode = false
	sasl.oauthbearer.jwks.endpoint.refresh.ms = 3600000
	sasl.oauthbearer.jwks.endpoint.retry.backoff.max.ms = 10000
	sasl.oauthbearer.jwks.endpoint.retry.backoff.ms = 100
	sasl.oauthbearer.jwks.endpoint.url = null
	sasl.oauthbearer.scope.claim.name = scope
	sasl.oauthbearer.sub.claim.name = sub
	sasl.oauthbearer.token.endpoint.url = null
	security.protocol = PLAINTEXT
	security.providers = null
	send.buffer.bytes = 131072
	session.timeout.ms = 45000
	socket.connection.setup.timeout.max.ms = 30000
	socket.connection.setup.timeout.ms = 10000
	ssl.cipher.suites = null
	ssl.enabled.protocols = [TLSv1.2, TLSv1.3]
	ssl.endpoint.identification.algorithm = https
	ssl.engine.factory.class = null
	ssl.key.password = null
	ssl.keymanager.algorithm = SunX509
	ssl.keystore.certificate.chain = null
	ssl.keystore.key = null
	ssl.keystore.location = null
	ssl.keystore.password = null
	ssl.keystore.type = JKS
	ssl.protocol = TLSv1.3
	ssl.provider = null
	ssl.secure.random.implementation = null
	ssl.trustmanager.algorithm = PKIX
	ssl.truststore.certificates = null
	ssl.truststore.location = null
	ssl.truststore.password = null
	ssl.truststore.type = JKS
	value.deserializer = class org.springframework.kafka.support.serializer.JsonDeserializer

2026-04-03T20:58:38.924+05:30  INFO 11484 --- [batch-process] [main] o.a.k.c.t.i.KafkaMetricsCollector        : initializing Kafka metrics collector
2026-04-03T20:58:39.491+05:30  INFO 11484 --- [batch-process] [main] o.a.kafka.common.utils.AppInfoParser     : Kafka version: 3.9.2
2026-04-03T20:58:39.494+05:30  INFO 11484 --- [batch-process] [main] o.a.kafka.common.utils.AppInfoParser     : Kafka commitId: 5e9866f43ab8e7e4
2026-04-03T20:58:39.496+05:30  INFO 11484 --- [batch-process] [main] o.a.kafka.common.utils.AppInfoParser     : Kafka startTimeMs: 1775230119477
2026-04-03T20:58:39.516+05:30  INFO 11484 --- [batch-process] [main] o.a.k.c.c.i.ClassicKafkaConsumer         : [Consumer clientId=consumer-file-group-1, groupId=file-group] Subscribed to topic(s): file-topic
2026-04-03T20:58:39.585+05:30  INFO 11484 --- [batch-process] [main] c.m.b.BatchProcessApplication            : Started BatchProcessApplication in 25.008 seconds (process running for 26.751)
2026-04-03T20:59:12.611+05:30  INFO 11484 --- [batch-process] [org.springframework.kafka.KafkaListenerEndpointContainer#0-0-C-1] org.apache.kafka.clients.NetworkClient   : [Consumer clientId=consumer-file-group-1, groupId=file-group] Disconnecting from node -1 due to request timeout.
2026-04-03T20:59:12.613+05:30  INFO 11484 --- [batch-process] [org.springframework.kafka.KafkaListenerEndpointContainer#0-0-C-1] org.apache.kafka.clients.NetworkClient   : [Consumer clientId=consumer-file-group-1, groupId=file-group] Cancelled in-flight METADATA request with correlation id 2 due to node -1 being disconnected (elapsed time since creation: 31238ms, elapsed time since send: 31238ms, throttle time: 0ms, request timeout: 30000ms)
2026-04-03T20:59:12.614+05:30  INFO 11484 --- [batch-process] [org.springframework.kafka.KafkaListenerEndpointContainer#0-0-C-1] org.apache.kafka.clients.NetworkClient   : [Consumer clientId=consumer-file-group-1, groupId=file-group] Cancelled in-flight FIND_COORDINATOR request with correlation id 0 due to node -1 being disconnected (elapsed time since creation: 31575ms, elapsed time since send: 31235ms, throttle time: 0ms, request timeout: 30000ms)
2026-04-03T20:59:12.614+05:30  WARN 11484 --- [batch-process] [org.springframework.kafka.KafkaListenerEndpointContainer#0-0-C-1] org.apache.kafka.clients.NetworkClient   : [Consumer clientId=consumer-file-group-1, groupId=file-group] Bootstrap broker localhost:9092 (id: -1 rack: null) disconnected
2026-04-03T20:59:12.770+05:30  WARN 11484 --- [batch-process] [org.springframework.kafka.KafkaListenerEndpointContainer#0-0-C-1] org.apache.kafka.clients.NetworkClient   : [Consumer clientId=consumer-file-group-1, groupId=file-group] The metadata response from the cluster reported a recoverable issue with correlation id 5 : {file-topic=UNKNOWN_TOPIC_OR_PARTITION}
2026-04-03T20:59:12.778+05:30  INFO 11484 --- [batch-process] [org.springframework.kafka.KafkaListenerEndpointContainer#0-0-C-1] org.apache.kafka.clients.Metadata        : [Consumer clientId=consumer-file-group-1, groupId=file-group] Cluster ID: mWUu3b3kS46YG2e2ZriA8A
2026-04-03T20:59:12.797+05:30  INFO 11484 --- [batch-process] [org.springframework.kafka.KafkaListenerEndpointContainer#0-0-C-1] o.a.k.c.c.internals.ConsumerCoordinator  : [Consumer clientId=consumer-file-group-1, groupId=file-group] Discovered group coordinator localhost:9092 (id: 2147483646 rack: null)
2026-04-03T20:59:12.812+05:30  INFO 11484 --- [batch-process] [org.springframework.kafka.KafkaListenerEndpointContainer#0-0-C-1] o.a.k.c.c.internals.ConsumerCoordinator  : [Consumer clientId=consumer-file-group-1, groupId=file-group] (Re-)joining group
2026-04-03T20:59:12.886+05:30  WARN 11484 --- [batch-process] [org.springframework.kafka.KafkaListenerEndpointContainer#0-0-C-1] org.apache.kafka.clients.NetworkClient   : [Consumer clientId=consumer-file-group-1, groupId=file-group] The metadata response from the cluster reported a recoverable issue with correlation id 10 : {file-topic=UNKNOWN_TOPIC_OR_PARTITION}
2026-04-03T20:59:13.083+05:30  WARN 11484 --- [batch-process] [org.springframework.kafka.KafkaListenerEndpointContainer#0-0-C-1] org.apache.kafka.clients.NetworkClient   : [Consumer clientId=consumer-file-group-1, groupId=file-group] The metadata response from the cluster reported a recoverable issue with correlation id 11 : {file-topic=UNKNOWN_TOPIC_OR_PARTITION}
2026-04-03T20:59:13.495+05:30  WARN 11484 --- [batch-process] [org.springframework.kafka.KafkaListenerEndpointContainer#0-0-C-1] org.apache.kafka.clients.NetworkClient   : [Consumer clientId=consumer-file-group-1, groupId=file-group] The metadata response from the cluster reported a recoverable issue with correlation id 12 : {file-topic=UNKNOWN_TOPIC_OR_PARTITION}
2026-04-03T20:59:14.205+05:30  WARN 11484 --- [batch-process] [org.springframework.kafka.KafkaListenerEndpointContainer#0-0-C-1] org.apache.kafka.clients.NetworkClient   : [Consumer clientId=consumer-file-group-1, groupId=file-group] The metadata response from the cluster reported a recoverable issue with correlation id 13 : {file-topic=UNKNOWN_TOPIC_OR_PARTITION}
2026-04-03T20:59:15.211+05:30  WARN 11484 --- [batch-process] [org.springframework.kafka.KafkaListenerEndpointContainer#0-0-C-1] org.apache.kafka.clients.NetworkClient   : [Consumer clientId=consumer-file-group-1, groupId=file-group] The metadata response from the cluster reported a recoverable issue with correlation id 14 : {file-topic=UNKNOWN_TOPIC_OR_PARTITION}
2026-04-03T20:59:16.219+05:30  WARN 11484 --- [batch-process] [org.springframework.kafka.KafkaListenerEndpointContainer#0-0-C-1] org.apache.kafka.clients.NetworkClient   : [Consumer clientId=consumer-file-group-1, groupId=file-group] The metadata response from the cluster reported a recoverable issue with correlation id 15 : {file-topic=UNKNOWN_TOPIC_OR_PARTITION}
2026-04-03T20:59:17.226+05:30  WARN 11484 --- [batch-process] [org.springframework.kafka.KafkaListenerEndpointContainer#0-0-C-1] org.apache.kafka.clients.NetworkClient   : [Consumer clientId=consumer-file-group-1, groupId=file-group] The metadata response from the cluster reported a recoverable issue with correlation id 16 : {file-topic=UNKNOWN_TOPIC_OR_PARTITION}
2026-04-03T20:59:18.232+05:30  WARN 11484 --- [batch-process] [org.springframework.kafka.KafkaListenerEndpointContainer#0-0-C-1] org.apache.kafka.clients.NetworkClient   : [Consumer clientId=consumer-file-group-1, groupId=file-group] The metadata response from the cluster reported a recoverable issue with correlation id 17 : {file-topic=UNKNOWN_TOPIC_OR_PARTITION}
2026-04-03T20:59:19.238+05:30  WARN 11484 --- [batch-process] [org.springframework.kafka.KafkaListenerEndpointContainer#0-0-C-1] org.apache.kafka.clients.NetworkClient   : [Consumer clientId=consumer-file-group-1, groupId=file-group] The metadata response from the cluster reported a recoverable issue with correlation id 18 : {file-topic=UNKNOWN_TOPIC_OR_PARTITION}
2026-04-03T20:59:20.161+05:30  WARN 11484 --- [batch-process] [org.springframework.kafka.KafkaListenerEndpointContainer#0-0-C-1] org.apache.kafka.clients.NetworkClient   : [Consumer clientId=consumer-file-group-1, groupId=file-group] The metadata response from the cluster reported a recoverable issue with correlation id 19 : {file-topic=UNKNOWN_TOPIC_OR_PARTITION}
2026-04-03T20:59:21.147+05:30  WARN 11484 --- [batch-process] [org.springframework.kafka.KafkaListenerEndpointContainer#0-0-C-1] org.apache.kafka.clients.NetworkClient   : [Consumer clientId=consumer-file-group-1, groupId=file-group] The metadata response from the cluster reported a recoverable issue with correlation id 20 : {file-topic=UNKNOWN_TOPIC_OR_PARTITION}
2026-04-03T20:59:22.062+05:30  WARN 11484 --- [batch-process] [org.springframework.kafka.KafkaListenerEndpointContainer#0-0-C-1] org.apache.kafka.clients.NetworkClient   : [Consumer clientId=consumer-file-group-1, groupId=file-group] The metadata response from the cluster reported a recoverable issue with correlation id 21 : {file-topic=UNKNOWN_TOPIC_OR_PARTITION}
2026-04-03T20:59:22.879+05:30  WARN 11484 --- [batch-process] [org.springframework.kafka.KafkaListenerEndpointContainer#0-0-C-1] org.apache.kafka.clients.NetworkClient   : [Consumer clientId=consumer-file-group-1, groupId=file-group] The metadata response from the cluster reported a recoverable issue with correlation id 22 : {file-topic=UNKNOWN_TOPIC_OR_PARTITION}
2026-04-03T20:59:23.792+05:30  WARN 11484 --- [batch-process] [org.springframework.kafka.KafkaListenerEndpointContainer#0-0-C-1] org.apache.kafka.clients.NetworkClient   : [Consumer clientId=consumer-file-group-1, groupId=file-group] The metadata response from the cluster reported a recoverable issue with correlation id 23 : {file-topic=UNKNOWN_TOPIC_OR_PARTITION}
2026-04-03T20:59:24.602+05:30  WARN 11484 --- [batch-process] [org.springframework.kafka.KafkaListenerEndpointContainer#0-0-C-1] org.apache.kafka.clients.NetworkClient   : [Consumer clientId=consumer-file-group-1, groupId=file-group] The metadata response from the cluster reported a recoverable issue with correlation id 24 : {file-topic=UNKNOWN_TOPIC_OR_PARTITION}
2026-04-03T20:59:25.525+05:30  WARN 11484 --- [batch-process] [org.springframework.kafka.KafkaListenerEndpointContainer#0-0-C-1] org.apache.kafka.clients.NetworkClient   : [Consumer clientId=consumer-file-group-1, groupId=file-group] The metadata response from the cluster reported a recoverable issue with correlation id 25 : {file-topic=UNKNOWN_TOPIC_OR_PARTITION}
2026-04-03T20:59:26.528+05:30  WARN 11484 --- [batch-process] [org.springframework.kafka.KafkaListenerEndpointContainer#0-0-C-1] org.apache.kafka.clients.NetworkClient   : [Consumer clientId=consumer-file-group-1, groupId=file-group] The metadata response from the cluster reported a recoverable issue with correlation id 26 : {file-topic=UNKNOWN_TOPIC_OR_PARTITION}
2026-04-03T20:59:27.427+05:30  WARN 11484 --- [batch-process] [org.springframework.kafka.KafkaListenerEndpointContainer#0-0-C-1] org.apache.kafka.clients.NetworkClient   : [Consumer clientId=consumer-file-group-1, groupId=file-group] The metadata response from the cluster reported a recoverable issue with correlation id 27 : {file-topic=UNKNOWN_TOPIC_OR_PARTITION}
2026-04-03T20:59:28.242+05:30  WARN 11484 --- [batch-process] [org.springframework.kafka.KafkaListenerEndpointContainer#0-0-C-1] org.apache.kafka.clients.NetworkClient   : [Consumer clientId=consumer-file-group-1, groupId=file-group] The metadata response from the cluster reported a recoverable issue with correlation id 28 : {file-topic=UNKNOWN_TOPIC_OR_PARTITION}
2026-04-03T20:59:29.154+05:30  WARN 11484 --- [batch-process] [org.springframework.kafka.KafkaListenerEndpointContainer#0-0-C-1] org.apache.kafka.clients.NetworkClient   : [Consumer clientId=consumer-file-group-1, groupId=file-group] The metadata response from the cluster reported a recoverable issue with correlation id 29 : {file-topic=UNKNOWN_TOPIC_OR_PARTITION}
2026-04-03T20:59:30.021+05:30  WARN 11484 --- [batch-process] [org.springframework.kafka.KafkaListenerEndpointContainer#0-0-C-1] org.apache.kafka.clients.NetworkClient   : [Consumer clientId=consumer-file-group-1, groupId=file-group] The metadata response from the cluster reported a recoverable issue with correlation id 30 : {file-topic=UNKNOWN_TOPIC_OR_PARTITION}
2026-04-03T20:59:30.930+05:30  WARN 11484 --- [batch-process] [org.springframework.kafka.KafkaListenerEndpointContainer#0-0-C-1] org.apache.kafka.clients.NetworkClient   : [Consumer clientId=consumer-file-group-1, groupId=file-group] The metadata response from the cluster reported a recoverable issue with correlation id 31 : {file-topic=UNKNOWN_TOPIC_OR_PARTITION}
2026-04-03T20:59:31.843+05:30  WARN 11484 --- [batch-process] [org.springframework.kafka.KafkaListenerEndpointContainer#0-0-C-1] org.apache.kafka.clients.NetworkClient   : [Consumer clientId=consumer-file-group-1, groupId=file-group] The metadata response from the cluster reported a recoverable issue with correlation id 32 : {file-topic=UNKNOWN_TOPIC_OR_PARTITION}
2026-04-03T20:59:32.754+05:30  WARN 11484 --- [batch-process] [org.springframework.kafka.KafkaListenerEndpointContainer#0-0-C-1] org.apache.kafka.clients.NetworkClient   : [Consumer clientId=consumer-file-group-1, groupId=file-group] The metadata response from the cluster reported a recoverable issue with correlation id 33 : {file-topic=UNKNOWN_TOPIC_OR_PARTITION}
2026-04-03T20:59:33.756+05:30  WARN 11484 --- [batch-process] [org.springframework.kafka.KafkaListenerEndpointContainer#0-0-C-1] org.apache.kafka.clients.NetworkClient   : [Consumer clientId=consumer-file-group-1, groupId=file-group] The metadata response from the cluster reported a recoverable issue with correlation id 34 : {file-topic=UNKNOWN_TOPIC_OR_PARTITION}
2026-04-03T20:59:34.582+05:30  WARN 11484 --- [batch-process] [org.springframework.kafka.KafkaListenerEndpointContainer#0-0-C-1] org.apache.kafka.clients.NetworkClient   : [Consumer clientId=consumer-file-group-1, groupId=file-group] The metadata response from the cluster reported a recoverable issue with correlation id 35 : {file-topic=UNKNOWN_TOPIC_OR_PARTITION}
2026-04-03T20:59:35.520+05:30  WARN 11484 --- [batch-process] [org.springframework.kafka.KafkaListenerEndpointContainer#0-0-C-1] org.apache.kafka.clients.NetworkClient   : [Consumer clientId=consumer-file-group-1, groupId=file-group] The metadata response from the cluster reported a recoverable issue with correlation id 36 : {file-topic=UNKNOWN_TOPIC_OR_PARTITION}
2026-04-03T20:59:36.527+05:30  WARN 11484 --- [batch-process] [org.springframework.kafka.KafkaListenerEndpointContainer#0-0-C-1] org.apache.kafka.clients.NetworkClient   : [Consumer clientId=consumer-file-group-1, groupId=file-group] The metadata response from the cluster reported a recoverable issue with correlation id 37 : {file-topic=UNKNOWN_TOPIC_OR_PARTITION}
2026-04-03T20:59:37.530+05:30  WARN 11484 --- [batch-process] [org.springframework.kafka.KafkaListenerEndpointContainer#0-0-C-1] org.apache.kafka.clients.NetworkClient   : [Consumer clientId=consumer-file-group-1, groupId=file-group] The metadata response from the cluster reported a recoverable issue with correlation id 38 : {file-topic=UNKNOWN_TOPIC_OR_PARTITION}
2026-04-03T20:59:38.441+05:30  WARN 11484 --- [batch-process] [org.springframework.kafka.KafkaListenerEndpointContainer#0-0-C-1] org.apache.kafka.clients.NetworkClient   : [Consumer clientId=consumer-file-group-1, groupId=file-group] The metadata response from the cluster reported a recoverable issue with correlation id 39 : {file-topic=UNKNOWN_TOPIC_OR_PARTITION}
2026-04-03T20:59:39.447+05:30  WARN 11484 --- [batch-process] [org.springframework.kafka.KafkaListenerEndpointContainer#0-0-C-1] org.apache.kafka.clients.NetworkClient   : [Consumer clientId=consumer-file-group-1, groupId=file-group] The metadata response from the cluster reported a recoverable issue with correlation id 40 : {file-topic=UNKNOWN_TOPIC_OR_PARTITION}
2026-04-03T20:59:40.367+05:30  WARN 11484 --- [batch-process] [org.springframework.kafka.KafkaListenerEndpointContainer#0-0-C-1] org.apache.kafka.clients.NetworkClient   : [Consumer clientId=consumer-file-group-1, groupId=file-group] The metadata response from the cluster reported a recoverable issue with correlation id 41 : {file-topic=UNKNOWN_TOPIC_OR_PARTITION}
2026-04-03T20:59:41.278+05:30  WARN 11484 --- [batch-process] [org.springframework.kafka.KafkaListenerEndpointContainer#0-0-C-1] org.apache.kafka.clients.NetworkClient   : [Consumer clientId=consumer-file-group-1, groupId=file-group] The metadata response from the cluster reported a recoverable issue with correlation id 42 : {file-topic=UNKNOWN_TOPIC_OR_PARTITION}
2026-04-03T20:59:42.191+05:30  WARN 11484 --- [batch-process] [org.springframework.kafka.KafkaListenerEndpointContainer#0-0-C-1] org.apache.kafka.clients.NetworkClient   : [Consumer clientId=consumer-file-group-1, groupId=file-group] The metadata response from the cluster reported a recoverable issue with correlation id 43 : {file-topic=UNKNOWN_TOPIC_OR_PARTITION}
2026-04-03T20:59:43.002+05:30  WARN 11484 --- [batch-process] [org.springframework.kafka.KafkaListenerEndpointContainer#0-0-C-1] org.apache.kafka.clients.NetworkClient   : [Consumer clientId=consumer-file-group-1, groupId=file-group] The metadata response from the cluster reported a recoverable issue with correlation id 44 : {file-topic=UNKNOWN_TOPIC_OR_PARTITION}
2026-04-03T20:59:43.816+05:30  WARN 11484 --- [batch-process] [org.springframework.kafka.KafkaListenerEndpointContainer#0-0-C-1] org.apache.kafka.clients.NetworkClient   : [Consumer clientId=consumer-file-group-1, groupId=file-group] The metadata response from the cluster reported a recoverable issue with correlation id 45 : {file-topic=UNKNOWN_TOPIC_OR_PARTITION}
2026-04-03T20:59:44.720+05:30  WARN 11484 --- [batch-process] [org.springframework.kafka.KafkaListenerEndpointContainer#0-0-C-1] org.apache.kafka.clients.NetworkClient   : [Consumer clientId=consumer-file-group-1, groupId=file-group] The metadata response from the cluster reported a recoverable issue with correlation id 46 : {file-topic=UNKNOWN_TOPIC_OR_PARTITION}
2026-04-03T20:59:45.632+05:30  WARN 11484 --- [batch-process] [org.springframework.kafka.KafkaListenerEndpointContainer#0-0-C-1] org.apache.kafka.clients.NetworkClient   : [Consumer clientId=consumer-file-group-1, groupId=file-group] The metadata response from the cluster reported a recoverable issue with correlation id 47 : {file-topic=UNKNOWN_TOPIC_OR_PARTITION}
2026-04-03T20:59:46.542+05:30  WARN 11484 --- [batch-process] [org.springframework.kafka.KafkaListenerEndpointContainer#0-0-C-1] org.apache.kafka.clients.NetworkClient   : [Consumer clientId=consumer-file-group-1, groupId=file-group] The metadata response from the cluster reported a recoverable issue with correlation id 48 : {file-topic=UNKNOWN_TOPIC_OR_PARTITION}
2026-04-03T20:59:47.451+05:30  WARN 11484 --- [batch-process] [org.springframework.kafka.KafkaListenerEndpointContainer#0-0-C-1] org.apache.kafka.clients.NetworkClient   : [Consumer clientId=consumer-file-group-1, groupId=file-group] The metadata response from the cluster reported a recoverable issue with correlation id 49 : {file-topic=UNKNOWN_TOPIC_OR_PARTITION}
2026-04-03T20:59:48.454+05:30  WARN 11484 --- [batch-process] [org.springframework.kafka.KafkaListenerEndpointContainer#0-0-C-1] org.apache.kafka.clients.NetworkClient   : [Consumer clientId=consumer-file-group-1, groupId=file-group] The metadata response from the cluster reported a recoverable issue with correlation id 50 : {file-topic=UNKNOWN_TOPIC_OR_PARTITION}
2026-04-03T20:59:49.458+05:30  WARN 11484 --- [batch-process] [org.springframework.kafka.KafkaListenerEndpointContainer#0-0-C-1] org.apache.kafka.clients.NetworkClient   : [Consumer clientId=consumer-file-group-1, groupId=file-group] The metadata response from the cluster reported a recoverable issue with correlation id 51 : {file-topic=UNKNOWN_TOPIC_OR_PARTITION}
2026-04-03T20:59:50.406+05:30  WARN 11484 --- [batch-process] [org.springframework.kafka.KafkaListenerEndpointContainer#0-0-C-1] org.apache.kafka.clients.NetworkClient   : [Consumer clientId=consumer-file-group-1, groupId=file-group] The metadata response from the cluster reported a recoverable issue with correlation id 52 : {file-topic=UNKNOWN_TOPIC_OR_PARTITION}
2026-04-03T20:59:51.322+05:30  WARN 11484 --- [batch-process] [org.springframework.kafka.KafkaListenerEndpointContainer#0-0-C-1] org.apache.kafka.clients.NetworkClient   : [Consumer clientId=consumer-file-group-1, groupId=file-group] The metadata response from the cluster reported a recoverable issue with correlation id 53 : {file-topic=UNKNOWN_TOPIC_OR_PARTITION}
2026-04-03T20:59:52.211+05:30  WARN 11484 --- [batch-process] [org.springframework.kafka.KafkaListenerEndpointContainer#0-0-C-1] org.apache.kafka.clients.NetworkClient   : [Consumer clientId=consumer-file-group-1, groupId=file-group] The metadata response from the cluster reported a recoverable issue with correlation id 54 : {file-topic=UNKNOWN_TOPIC_OR_PARTITION}
2026-04-03T20:59:53.119+05:30  WARN 11484 --- [batch-process] [org.springframework.kafka.KafkaListenerEndpointContainer#0-0-C-1] org.apache.kafka.clients.NetworkClient   : [Consumer clientId=consumer-file-group-1, groupId=file-group] The metadata response from the cluster reported a recoverable issue with correlation id 55 : {file-topic=UNKNOWN_TOPIC_OR_PARTITION}
2026-04-03T20:59:54.021+05:30  WARN 11484 --- [batch-process] [org.springframework.kafka.KafkaListenerEndpointContainer#0-0-C-1] org.apache.kafka.clients.NetworkClient   : [Consumer clientId=consumer-file-group-1, groupId=file-group] The metadata response from the cluster reported a recoverable issue with correlation id 56 : {file-topic=UNKNOWN_TOPIC_OR_PARTITION}
2026-04-03T20:59:54.921+05:30  WARN 11484 --- [batch-process] [org.springframework.kafka.KafkaListenerEndpointContainer#0-0-C-1] org.apache.kafka.clients.NetworkClient   : [Consumer clientId=consumer-file-group-1, groupId=file-group] The metadata response from the cluster reported a recoverable issue with correlation id 57 : {file-topic=UNKNOWN_TOPIC_OR_PARTITION}
2026-04-03T20:59:55.891+05:30  WARN 11484 --- [batch-process] [org.springframework.kafka.KafkaListenerEndpointContainer#0-0-C-1] org.apache.kafka.clients.NetworkClient   : [Consumer clientId=consumer-file-group-1, groupId=file-group] The metadata response from the cluster reported a recoverable issue with correlation id 58 : {file-topic=UNKNOWN_TOPIC_OR_PARTITION}
2026-04-03T20:59:57.200+05:30  WARN 11484 --- [batch-process] [org.springframework.kafka.KafkaListenerEndpointContainer#0-0-C-1] org.apache.kafka.clients.NetworkClient   : [Consumer clientId=consumer-file-group-1, groupId=file-group] The metadata response from the cluster reported a recoverable issue with correlation id 59 : {file-topic=UNKNOWN_TOPIC_OR_PARTITION}
2026-04-03T20:59:58.073+05:30  WARN 11484 --- [batch-process] [org.springframework.kafka.KafkaListenerEndpointContainer#0-0-C-1] org.apache.kafka.clients.NetworkClient   : [Consumer clientId=consumer-file-group-1, groupId=file-group] The metadata response from the cluster reported a recoverable issue with correlation id 60 : {file-topic=UNKNOWN_TOPIC_OR_PARTITION}
2026-04-03T20:59:58.934+05:30  WARN 11484 --- [batch-process] [org.springframework.kafka.KafkaListenerEndpointContainer#0-0-C-1] org.apache.kafka.clients.NetworkClient   : [Consumer clientId=consumer-file-group-1, groupId=file-group] The metadata response from the cluster reported a recoverable issue with correlation id 61 : {file-topic=UNKNOWN_TOPIC_OR_PARTITION}
2026-04-03T20:59:59.918+05:30  WARN 11484 --- [batch-process] [org.springframework.kafka.KafkaListenerEndpointContainer#0-0-C-1] org.apache.kafka.clients.NetworkClient   : [Consumer clientId=consumer-file-group-1, groupId=file-group] The metadata response from the cluster reported a recoverable issue with correlation id 62 : {file-topic=UNKNOWN_TOPIC_OR_PARTITION}
2026-04-03T21:00:00.847+05:30  WARN 11484 --- [batch-process] [org.springframework.kafka.KafkaListenerEndpointContainer#0-0-C-1] org.apache.kafka.clients.NetworkClient   : [Consumer clientId=consumer-file-group-1, groupId=file-group] The metadata response from the cluster reported a recoverable issue with correlation id 63 : {file-topic=UNKNOWN_TOPIC_OR_PARTITION}
2026-04-03T21:00:01.656+05:30  WARN 11484 --- [batch-process] [org.springframework.kafka.KafkaListenerEndpointContainer#0-0-C-1] org.apache.kafka.clients.NetworkClient   : [Consumer clientId=consumer-file-group-1, groupId=file-group] The metadata response from the cluster reported a recoverable issue with correlation id 64 : {file-topic=UNKNOWN_TOPIC_OR_PARTITION}
2026-04-03T21:00:02.557+05:30  WARN 11484 --- [batch-process] [org.springframework.kafka.KafkaListenerEndpointContainer#0-0-C-1] org.apache.kafka.clients.NetworkClient   : [Consumer clientId=consumer-file-group-1, groupId=file-group] The metadata response from the cluster reported a recoverable issue with correlation id 65 : {file-topic=UNKNOWN_TOPIC_OR_PARTITION}
2026-04-03T21:00:03.508+05:30  WARN 11484 --- [batch-process] [org.springframework.kafka.KafkaListenerEndpointContainer#0-0-C-1] org.apache.kafka.clients.NetworkClient   : [Consumer clientId=consumer-file-group-1, groupId=file-group] The metadata response from the cluster reported a recoverable issue with correlation id 66 : {file-topic=UNKNOWN_TOPIC_OR_PARTITION}
2026-04-03T21:00:04.509+05:30  WARN 11484 --- [batch-process] [org.springframework.kafka.KafkaListenerEndpointContainer#0-0-C-1] org.apache.kafka.clients.NetworkClient   : [Consumer clientId=consumer-file-group-1, groupId=file-group] The metadata response from the cluster reported a recoverable issue with correlation id 67 : {file-topic=UNKNOWN_TOPIC_OR_PARTITION}
2026-04-03T21:00:05.420+05:30  WARN 11484 --- [batch-process] [org.springframework.kafka.KafkaListenerEndpointContainer#0-0-C-1] org.apache.kafka.clients.NetworkClient   : [Consumer clientId=consumer-file-group-1, groupId=file-group] The metadata response from the cluster reported a recoverable issue with correlation id 68 : {file-topic=UNKNOWN_TOPIC_OR_PARTITION}
2026-04-03T21:00:06.274+05:30  INFO 11484 --- [batch-process] [http-nio-9105-exec-2] o.a.c.c.C.[Tomcat].[localhost].[/]       : Initializing Spring DispatcherServlet 'dispatcherServlet'
2026-04-03T21:00:06.274+05:30  INFO 11484 --- [batch-process] [http-nio-9105-exec-2] o.s.web.servlet.DispatcherServlet        : Initializing Servlet 'dispatcherServlet'
2026-04-03T21:00:06.278+05:30  INFO 11484 --- [batch-process] [http-nio-9105-exec-2] o.s.web.servlet.DispatcherServlet        : Completed initialization in 3 ms
2026-04-03T21:00:06.348+05:30  WARN 11484 --- [batch-process] [org.springframework.kafka.KafkaListenerEndpointContainer#0-0-C-1] org.apache.kafka.clients.NetworkClient   : [Consumer clientId=consumer-file-group-1, groupId=file-group] The metadata response from the cluster reported a recoverable issue with correlation id 69 : {file-topic=UNKNOWN_TOPIC_OR_PARTITION}
2026-04-03T21:00:06.663+05:30  INFO 11484 --- [batch-process] [http-nio-9105-exec-2] c.m.b.controller.FileUploadController    : Entered fileUpload
2026-04-03T21:00:06.664+05:30  INFO 11484 --- [batch-process] [http-nio-9105-exec-2] c.m.b.controller.FileUploadController    : Exit from fileUpload
2026-04-03T21:00:06.664+05:30  INFO 11484 --- [batch-process] [http-nio-9105-exec-2] c.m.b.service.FileUploadService          : Started reading file
2026-04-03T21:00:06.682+05:30  INFO 11484 --- [batch-process] [http-nio-9105-exec-2] c.m.b.service.FileUploadService          : Reading file is completed, now publishing message to the topic
2026-04-03T21:00:06.832+05:30  INFO 11484 --- [batch-process] [http-nio-9105-exec-2] o.a.k.clients.producer.ProducerConfig    : ProducerConfig values: 
	acks = -1
	auto.include.jmx.reporter = true
	batch.size = 16384
	bootstrap.servers = [localhost:9092]
	buffer.memory = 33554432
	client.dns.lookup = use_all_dns_ips
	client.id = batch-process-producer-1
	compression.gzip.level = -1
	compression.lz4.level = 9
	compression.type = none
	compression.zstd.level = 3
	connections.max.idle.ms = 540000
	delivery.timeout.ms = 120000
	enable.idempotence = true
	enable.metrics.push = true
	interceptor.classes = []
	key.serializer = class org.apache.kafka.common.serialization.StringSerializer
	linger.ms = 0
	max.block.ms = 60000
	max.in.flight.requests.per.connection = 5
	max.request.size = 1048576
	metadata.max.age.ms = 300000
	metadata.max.idle.ms = 300000
	metadata.recovery.strategy = none
	metric.reporters = []
	metrics.num.samples = 2
	metrics.recording.level = INFO
	metrics.sample.window.ms = 30000
	partitioner.adaptive.partitioning.enable = true
	partitioner.availability.timeout.ms = 0
	partitioner.class = null
	partitioner.ignore.keys = false
	receive.buffer.bytes = 32768
	reconnect.backoff.max.ms = 1000
	reconnect.backoff.ms = 50
	request.timeout.ms = 30000
	retries = 2147483647
	retry.backoff.max.ms = 1000
	retry.backoff.ms = 100
	sasl.client.callback.handler.class = null
	sasl.jaas.config = null
	sasl.kerberos.kinit.cmd = /usr/bin/kinit
	sasl.kerberos.min.time.before.relogin = 60000
	sasl.kerberos.service.name = null
	sasl.kerberos.ticket.renew.jitter = 0.05
	sasl.kerberos.ticket.renew.window.factor = 0.8
	sasl.login.callback.handler.class = null
	sasl.login.class = null
	sasl.login.connect.timeout.ms = null
	sasl.login.read.timeout.ms = null
	sasl.login.refresh.buffer.seconds = 300
	sasl.login.refresh.min.period.seconds = 60
	sasl.login.refresh.window.factor = 0.8
	sasl.login.refresh.window.jitter = 0.05
	sasl.login.retry.backoff.max.ms = 10000
	sasl.login.retry.backoff.ms = 100
	sasl.mechanism = GSSAPI
	sasl.oauthbearer.clock.skew.seconds = 30
	sasl.oauthbearer.expected.audience = null
	sasl.oauthbearer.expected.issuer = null
	sasl.oauthbearer.header.urlencode = false
	sasl.oauthbearer.jwks.endpoint.refresh.ms = 3600000
	sasl.oauthbearer.jwks.endpoint.retry.backoff.max.ms = 10000
	sasl.oauthbearer.jwks.endpoint.retry.backoff.ms = 100
	sasl.oauthbearer.jwks.endpoint.url = null
	sasl.oauthbearer.scope.claim.name = scope
	sasl.oauthbearer.sub.claim.name = sub
	sasl.oauthbearer.token.endpoint.url = null
	security.protocol = PLAINTEXT
	security.providers = null
	send.buffer.bytes = 131072
	socket.connection.setup.timeout.max.ms = 30000
	socket.connection.setup.timeout.ms = 10000
	ssl.cipher.suites = null
	ssl.enabled.protocols = [TLSv1.2, TLSv1.3]
	ssl.endpoint.identification.algorithm = https
	ssl.engine.factory.class = null
	ssl.key.password = null
	ssl.keymanager.algorithm = SunX509
	ssl.keystore.certificate.chain = null
	ssl.keystore.key = null
	ssl.keystore.location = null
	ssl.keystore.password = null
	ssl.keystore.type = JKS
	ssl.protocol = TLSv1.3
	ssl.provider = null
	ssl.secure.random.implementation = null
	ssl.trustmanager.algorithm = PKIX
	ssl.truststore.certificates = null
	ssl.truststore.location = null
	ssl.truststore.password = null
	ssl.truststore.type = JKS
	transaction.timeout.ms = 60000
	transactional.id = null
	value.serializer = class org.springframework.kafka.support.serializer.JsonSerializer

2026-04-03T21:00:06.848+05:30  INFO 11484 --- [batch-process] [http-nio-9105-exec-2] o.a.k.c.t.i.KafkaMetricsCollector        : initializing Kafka metrics collector
2026-04-03T21:00:06.947+05:30  INFO 11484 --- [batch-process] [http-nio-9105-exec-2] o.a.k.clients.producer.KafkaProducer     : [Producer clientId=batch-process-producer-1] Instantiated an idempotent producer.
2026-04-03T21:00:07.058+05:30  INFO 11484 --- [batch-process] [http-nio-9105-exec-2] o.a.kafka.common.utils.AppInfoParser     : Kafka version: 3.9.2
2026-04-03T21:00:07.058+05:30  INFO 11484 --- [batch-process] [http-nio-9105-exec-2] o.a.kafka.common.utils.AppInfoParser     : Kafka commitId: 5e9866f43ab8e7e4
2026-04-03T21:00:07.059+05:30  INFO 11484 --- [batch-process] [http-nio-9105-exec-2] o.a.kafka.common.utils.AppInfoParser     : Kafka startTimeMs: 1775230207058
2026-04-03T21:00:07.082+05:30  WARN 11484 --- [batch-process] [kafka-producer-network-thread | batch-process-producer-1] org.apache.kafka.clients.NetworkClient   : [Producer clientId=batch-process-producer-1] The metadata response from the cluster reported a recoverable issue with correlation id 1 : {file-topic=UNKNOWN_TOPIC_OR_PARTITION}
2026-04-03T21:00:07.083+05:30  INFO 11484 --- [batch-process] [kafka-producer-network-thread | batch-process-producer-1] org.apache.kafka.clients.Metadata        : [Producer clientId=batch-process-producer-1] Cluster ID: mWUu3b3kS46YG2e2ZriA8A
2026-04-03T21:00:07.309+05:30  WARN 11484 --- [batch-process] [kafka-producer-network-thread | batch-process-producer-1] org.apache.kafka.clients.NetworkClient   : [Producer clientId=batch-process-producer-1] The metadata response from the cluster reported a recoverable issue with correlation id 6 : {file-topic=UNKNOWN_TOPIC_OR_PARTITION}
2026-04-03T21:00:07.350+05:30  WARN 11484 --- [batch-process] [org.springframework.kafka.KafkaListenerEndpointContainer#0-0-C-1] org.apache.kafka.clients.NetworkClient   : [Consumer clientId=consumer-file-group-1, groupId=file-group] The metadata response from the cluster reported a recoverable issue with correlation id 70 : {file-topic=UNKNOWN_TOPIC_OR_PARTITION}
2026-04-03T21:00:07.626+05:30  WARN 11484 --- [batch-process] [kafka-producer-network-thread | batch-process-producer-1] org.apache.kafka.clients.NetworkClient   : [Producer clientId=batch-process-producer-1] The metadata response from the cluster reported a recoverable issue with correlation id 10 : {file-topic=UNKNOWN_TOPIC_OR_PARTITION}
2026-04-03T21:00:08.140+05:30  WARN 11484 --- [batch-process] [kafka-producer-network-thread | batch-process-producer-1] org.apache.kafka.clients.NetworkClient   : [Producer clientId=batch-process-producer-1] The metadata response from the cluster reported a recoverable issue with correlation id 16 : {file-topic=UNKNOWN_TOPIC_OR_PARTITION}
2026-04-03T21:00:08.257+05:30  WARN 11484 --- [batch-process] [org.springframework.kafka.KafkaListenerEndpointContainer#0-0-C-1] org.apache.kafka.clients.NetworkClient   : [Consumer clientId=consumer-file-group-1, groupId=file-group] The metadata response from the cluster reported a recoverable issue with correlation id 71 : {file-topic=UNKNOWN_TOPIC_OR_PARTITION}
2026-04-03T21:00:09.063+05:30  WARN 11484 --- [batch-process] [kafka-producer-network-thread | batch-process-producer-1] org.apache.kafka.clients.NetworkClient   : [Producer clientId=batch-process-producer-1] The metadata response from the cluster reported a recoverable issue with correlation id 26 : {file-topic=UNKNOWN_TOPIC_OR_PARTITION}
2026-04-03T21:00:09.260+05:30  WARN 11484 --- [batch-process] [org.springframework.kafka.KafkaListenerEndpointContainer#0-0-C-1] org.apache.kafka.clients.NetworkClient   : [Consumer clientId=consumer-file-group-1, groupId=file-group] The metadata response from the cluster reported a recoverable issue with correlation id 72 : {file-topic=UNKNOWN_TOPIC_OR_PARTITION}
2026-04-03T21:00:10.085+05:30  WARN 11484 --- [batch-process] [kafka-producer-network-thread | batch-process-producer-1] org.apache.kafka.clients.NetworkClient   : [Producer clientId=batch-process-producer-1] The metadata response from the cluster reported a recoverable issue with correlation id 37 : {file-topic=UNKNOWN_TOPIC_OR_PARTITION}
2026-04-03T21:00:10.222+05:30  WARN 11484 --- [batch-process] [org.springframework.kafka.KafkaListenerEndpointContainer#0-0-C-1] org.apache.kafka.clients.NetworkClient   : [Consumer clientId=consumer-file-group-1, groupId=file-group] The metadata response from the cluster reported a recoverable issue with correlation id 73 : {file-topic=UNKNOWN_TOPIC_OR_PARTITION}
2026-04-03T21:00:11.111+05:30  WARN 11484 --- [batch-process] [kafka-producer-network-thread | batch-process-producer-1] org.apache.kafka.clients.NetworkClient   : [Producer clientId=batch-process-producer-1] The metadata response from the cluster reported a recoverable issue with correlation id 48 : {file-topic=UNKNOWN_TOPIC_OR_PARTITION}
2026-04-03T21:00:11.200+05:30  WARN 11484 --- [batch-process] [org.springframework.kafka.KafkaListenerEndpointContainer#0-0-C-1] org.apache.kafka.clients.NetworkClient   : [Consumer clientId=consumer-file-group-1, groupId=file-group] The metadata response from the cluster reported a recoverable issue with correlation id 74 : {file-topic=UNKNOWN_TOPIC_OR_PARTITION}
2026-04-03T21:00:12.163+05:30  WARN 11484 --- [batch-process] [kafka-producer-network-thread | batch-process-producer-1] org.apache.kafka.clients.NetworkClient   : [Producer clientId=batch-process-producer-1] The metadata response from the cluster reported a recoverable issue with correlation id 59 : {file-topic=UNKNOWN_TOPIC_OR_PARTITION}
2026-04-03T21:00:12.203+05:30  WARN 11484 --- [batch-process] [org.springframework.kafka.KafkaListenerEndpointContainer#0-0-C-1] org.apache.kafka.clients.NetworkClient   : [Consumer clientId=consumer-file-group-1, groupId=file-group] The metadata response from the cluster reported a recoverable issue with correlation id 75 : {file-topic=UNKNOWN_TOPIC_OR_PARTITION}
2026-04-03T21:00:13.196+05:30  WARN 11484 --- [batch-process] [org.springframework.kafka.KafkaListenerEndpointContainer#0-0-C-1] org.apache.kafka.clients.NetworkClient   : [Consumer clientId=consumer-file-group-1, groupId=file-group] The metadata response from the cluster reported a recoverable issue with correlation id 76 : {file-topic=UNKNOWN_TOPIC_OR_PARTITION}
2026-04-03T21:00:13.221+05:30  WARN 11484 --- [batch-process] [kafka-producer-network-thread | batch-process-producer-1] org.apache.kafka.clients.NetworkClient   : [Producer clientId=batch-process-producer-1] The metadata response from the cluster reported a recoverable issue with correlation id 70 : {file-topic=UNKNOWN_TOPIC_OR_PARTITION}
2026-04-03T21:00:14.105+05:30  WARN 11484 --- [batch-process] [org.springframework.kafka.KafkaListenerEndpointContainer#0-0-C-1] org.apache.kafka.clients.NetworkClient   : [Consumer clientId=consumer-file-group-1, groupId=file-group] The metadata response from the cluster reported a recoverable issue with correlation id 77 : {file-topic=UNKNOWN_TOPIC_OR_PARTITION}
2026-04-03T21:00:14.360+05:30  WARN 11484 --- [batch-process] [kafka-producer-network-thread | batch-process-producer-1] org.apache.kafka.clients.NetworkClient   : [Producer clientId=batch-process-producer-1] The metadata response from the cluster reported a recoverable issue with correlation id 82 : {file-topic=UNKNOWN_TOPIC_OR_PARTITION}
2026-04-03T21:00:14.921+05:30  WARN 11484 --- [batch-process] [org.springframework.kafka.KafkaListenerEndpointContainer#0-0-C-1] org.apache.kafka.clients.NetworkClient   : [Consumer clientId=consumer-file-group-1, groupId=file-group] The metadata response from the cluster reported a recoverable issue with correlation id 78 : {file-topic=UNKNOWN_TOPIC_OR_PARTITION}
2026-04-03T21:00:15.396+05:30  WARN 11484 --- [batch-process] [kafka-producer-network-thread | batch-process-producer-1] org.apache.kafka.clients.NetworkClient   : [Producer clientId=batch-process-producer-1] The metadata response from the cluster reported a recoverable issue with correlation id 93 : {file-topic=UNKNOWN_TOPIC_OR_PARTITION}
2026-04-03T21:00:15.924+05:30  WARN 11484 --- [batch-process] [org.springframework.kafka.KafkaListenerEndpointContainer#0-0-C-1] org.apache.kafka.clients.NetworkClient   : [Consumer clientId=consumer-file-group-1, groupId=file-group] The metadata response from the cluster reported a recoverable issue with correlation id 79 : {file-topic=UNKNOWN_TOPIC_OR_PARTITION}
2026-04-03T21:00:16.541+05:30  WARN 11484 --- [batch-process] [kafka-producer-network-thread | batch-process-producer-1] org.apache.kafka.clients.NetworkClient   : [Producer clientId=batch-process-producer-1] The metadata response from the cluster reported a recoverable issue with correlation id 105 : {file-topic=UNKNOWN_TOPIC_OR_PARTITION}
2026-04-03T21:00:16.928+05:30  WARN 11484 --- [batch-process] [org.springframework.kafka.KafkaListenerEndpointContainer#0-0-C-1] org.apache.kafka.clients.NetworkClient   : [Consumer clientId=consumer-file-group-1, groupId=file-group] The metadata response from the cluster reported a recoverable issue with correlation id 80 : {file-topic=UNKNOWN_TOPIC_OR_PARTITION}
2026-04-03T21:00:17.585+05:30  WARN 11484 --- [batch-process] [kafka-producer-network-thread | batch-process-producer-1] org.apache.kafka.clients.NetworkClient   : [Producer clientId=batch-process-producer-1] The metadata response from the cluster reported a recoverable issue with correlation id 116 : {file-topic=UNKNOWN_TOPIC_OR_PARTITION}
2026-04-03T21:00:17.933+05:30  WARN 11484 --- [batch-process] [org.springframework.kafka.KafkaListenerEndpointContainer#0-0-C-1] org.apache.kafka.clients.NetworkClient   : [Consumer clientId=consumer-file-group-1, groupId=file-group] The metadata response from the cluster reported a recoverable issue with correlation id 81 : {file-topic=UNKNOWN_TOPIC_OR_PARTITION}
2026-04-03T21:00:18.621+05:30  WARN 11484 --- [batch-process] [kafka-producer-network-thread | batch-process-producer-1] org.apache.kafka.clients.NetworkClient   : [Producer clientId=batch-process-producer-1] The metadata response from the cluster reported a recoverable issue with correlation id 127 : {file-topic=UNKNOWN_TOPIC_OR_PARTITION}
2026-04-03T21:00:18.840+05:30  WARN 11484 --- [batch-process] [org.springframework.kafka.KafkaListenerEndpointContainer#0-0-C-1] org.apache.kafka.clients.NetworkClient   : [Consumer clientId=consumer-file-group-1, groupId=file-group] The metadata response from the cluster reported a recoverable issue with correlation id 82 : {file-topic=UNKNOWN_TOPIC_OR_PARTITION}
2026-04-03T21:00:19.721+05:30  WARN 11484 --- [batch-process] [org.springframework.kafka.KafkaListenerEndpointContainer#0-0-C-1] org.apache.kafka.clients.NetworkClient   : [Consumer clientId=consumer-file-group-1, groupId=file-group] The metadata response from the cluster reported a recoverable issue with correlation id 83 : {file-topic=UNKNOWN_TOPIC_OR_PARTITION}
2026-04-03T21:00:19.761+05:30  WARN 11484 --- [batch-process] [kafka-producer-network-thread | batch-process-producer-1] org.apache.kafka.clients.NetworkClient   : [Producer clientId=batch-process-producer-1] The metadata response from the cluster reported a recoverable issue with correlation id 139 : {file-topic=UNKNOWN_TOPIC_OR_PARTITION}
2026-04-03T21:00:20.593+05:30  WARN 11484 --- [batch-process] [org.springframework.kafka.KafkaListenerEndpointContainer#0-0-C-1] org.apache.kafka.clients.NetworkClient   : [Consumer clientId=consumer-file-group-1, groupId=file-group] The metadata response from the cluster reported a recoverable issue with correlation id 84 : {file-topic=UNKNOWN_TOPIC_OR_PARTITION}
2026-04-03T21:00:20.903+05:30  WARN 11484 --- [batch-process] [kafka-producer-network-thread | batch-process-producer-1] org.apache.kafka.clients.NetworkClient   : [Producer clientId=batch-process-producer-1] The metadata response from the cluster reported a recoverable issue with correlation id 151 : {file-topic=UNKNOWN_TOPIC_OR_PARTITION}
2026-04-03T21:00:21.597+05:30  WARN 11484 --- [batch-process] [org.springframework.kafka.KafkaListenerEndpointContainer#0-0-C-1] org.apache.kafka.clients.NetworkClient   : [Consumer clientId=consumer-file-group-1, groupId=file-group] The metadata response from the cluster reported a recoverable issue with correlation id 85 : {file-topic=UNKNOWN_TOPIC_OR_PARTITION}
2026-04-03T21:00:22.037+05:30  WARN 11484 --- [batch-process] [kafka-producer-network-thread | batch-process-producer-1] org.apache.kafka.clients.NetworkClient   : [Producer clientId=batch-process-producer-1] The metadata response from the cluster reported a recoverable issue with correlation id 163 : {file-topic=UNKNOWN_TOPIC_OR_PARTITION}
2026-04-03T21:00:22.437+05:30  WARN 11484 --- [batch-process] [org.springframework.kafka.KafkaListenerEndpointContainer#0-0-C-1] org.apache.kafka.clients.NetworkClient   : [Consumer clientId=consumer-file-group-1, groupId=file-group] The metadata response from the cluster reported a recoverable issue with correlation id 86 : {file-topic=UNKNOWN_TOPIC_OR_PARTITION}
2026-04-03T21:00:23.118+05:30  WARN 11484 --- [batch-process] [kafka-producer-network-thread | batch-process-producer-1] org.apache.kafka.clients.NetworkClient   : [Producer clientId=batch-process-producer-1] The metadata response from the cluster reported a recoverable issue with correlation id 174 : {file-topic=UNKNOWN_TOPIC_OR_PARTITION}
2026-04-03T21:00:23.439+05:30  WARN 11484 --- [batch-process] [org.springframework.kafka.KafkaListenerEndpointContainer#0-0-C-1] org.apache.kafka.clients.NetworkClient   : [Consumer clientId=consumer-file-group-1, groupId=file-group] The metadata response from the cluster reported a recoverable issue with correlation id 87 : {file-topic=UNKNOWN_TOPIC_OR_PARTITION}
2026-04-03T21:00:24.040+05:30  WARN 11484 --- [batch-process] [kafka-producer-network-thread | batch-process-producer-1] org.apache.kafka.clients.NetworkClient   : [Producer clientId=batch-process-producer-1] The metadata response from the cluster reported a recoverable issue with correlation id 184 : {file-topic=UNKNOWN_TOPIC_OR_PARTITION}
2026-04-03T21:00:24.349+05:30  WARN 11484 --- [batch-process] [org.springframework.kafka.KafkaListenerEndpointContainer#0-0-C-1] org.apache.kafka.clients.NetworkClient   : [Consumer clientId=consumer-file-group-1, groupId=file-group] The metadata response from the cluster reported a recoverable issue with correlation id 88 : {file-topic=UNKNOWN_TOPIC_OR_PARTITION}
2026-04-03T21:00:24.967+05:30  WARN 11484 --- [batch-process] [kafka-producer-network-thread | batch-process-producer-1] org.apache.kafka.clients.NetworkClient   : [Producer clientId=batch-process-producer-1] The metadata response from the cluster reported a recoverable issue with correlation id 194 : {file-topic=UNKNOWN_TOPIC_OR_PARTITION}
2026-04-03T21:00:25.353+05:30  WARN 11484 --- [batch-process] [org.springframework.kafka.KafkaListenerEndpointContainer#0-0-C-1] org.apache.kafka.clients.NetworkClient   : [Consumer clientId=consumer-file-group-1, groupId=file-group] The metadata response from the cluster reported a recoverable issue with correlation id 89 : {file-topic=UNKNOWN_TOPIC_OR_PARTITION}
2026-04-03T21:00:26.001+05:30  WARN 11484 --- [batch-process] [kafka-producer-network-thread | batch-process-producer-1] org.apache.kafka.clients.NetworkClient   : [Producer clientId=batch-process-producer-1] The metadata response from the cluster reported a recoverable issue with correlation id 205 : {file-topic=UNKNOWN_TOPIC_OR_PARTITION}
2026-04-03T21:00:26.258+05:30  WARN 11484 --- [batch-process] [org.springframework.kafka.KafkaListenerEndpointContainer#0-0-C-1] org.apache.kafka.clients.NetworkClient   : [Consumer clientId=consumer-file-group-1, groupId=file-group] The metadata response from the cluster reported a recoverable issue with correlation id 90 : {file-topic=UNKNOWN_TOPIC_OR_PARTITION}
2026-04-03T21:00:27.131+05:30  WARN 11484 --- [batch-process] [kafka-producer-network-thread | batch-process-producer-1] org.apache.kafka.clients.NetworkClient   : [Producer clientId=batch-process-producer-1] The metadata response from the cluster reported a recoverable issue with correlation id 217 : {file-topic=UNKNOWN_TOPIC_OR_PARTITION}
2026-04-03T21:00:27.259+05:30  WARN 11484 --- [batch-process] [org.springframework.kafka.KafkaListenerEndpointContainer#0-0-C-1] org.apache.kafka.clients.NetworkClient   : [Consumer clientId=consumer-file-group-1, groupId=file-group] The metadata response from the cluster reported a recoverable issue with correlation id 91 : {file-topic=UNKNOWN_TOPIC_OR_PARTITION}
2026-04-03T21:00:28.137+05:30  WARN 11484 --- [batch-process] [org.springframework.kafka.KafkaListenerEndpointContainer#0-0-C-1] org.apache.kafka.clients.NetworkClient   : [Consumer clientId=consumer-file-group-1, groupId=file-group] The metadata response from the cluster reported a recoverable issue with correlation id 92 : {file-topic=UNKNOWN_TOPIC_OR_PARTITION}
2026-04-03T21:00:28.156+05:30  WARN 11484 --- [batch-process] [kafka-producer-network-thread | batch-process-producer-1] org.apache.kafka.clients.NetworkClient   : [Producer clientId=batch-process-producer-1] The metadata response from the cluster reported a recoverable issue with correlation id 228 : {file-topic=UNKNOWN_TOPIC_OR_PARTITION}
2026-04-03T21:00:29.115+05:30  WARN 11484 --- [batch-process] [org.springframework.kafka.KafkaListenerEndpointContainer#0-0-C-1] org.apache.kafka.clients.NetworkClient   : [Consumer clientId=consumer-file-group-1, groupId=file-group] The metadata response from the cluster reported a recoverable issue with correlation id 93 : {file-topic=UNKNOWN_TOPIC_OR_PARTITION}
2026-04-03T21:00:29.188+05:30  WARN 11484 --- [batch-process] [kafka-producer-network-thread | batch-process-producer-1] org.apache.kafka.clients.NetworkClient   : [Producer clientId=batch-process-producer-1] The metadata response from the cluster reported a recoverable issue with correlation id 239 : {file-topic=UNKNOWN_TOPIC_OR_PARTITION}
2026-04-03T21:00:30.023+05:30  WARN 11484 --- [batch-process] [org.springframework.kafka.KafkaListenerEndpointContainer#0-0-C-1] org.apache.kafka.clients.NetworkClient   : [Consumer clientId=consumer-file-group-1, groupId=file-group] The metadata response from the cluster reported a recoverable issue with correlation id 94 : {file-topic=UNKNOWN_TOPIC_OR_PARTITION}
2026-04-03T21:00:30.117+05:30  WARN 11484 --- [batch-process] [kafka-producer-network-thread | batch-process-producer-1] org.apache.kafka.clients.NetworkClient   : [Producer clientId=batch-process-producer-1] The metadata response from the cluster reported a recoverable issue with correlation id 249 : {file-topic=UNKNOWN_TOPIC_OR_PARTITION}
2026-04-03T21:00:30.837+05:30  WARN 11484 --- [batch-process] [org.springframework.kafka.KafkaListenerEndpointContainer#0-0-C-1] org.apache.kafka.clients.NetworkClient   : [Consumer clientId=consumer-file-group-1, groupId=file-group] The metadata response from the cluster reported a recoverable issue with correlation id 95 : {file-topic=UNKNOWN_TOPIC_OR_PARTITION}
2026-04-03T21:00:31.250+05:30  WARN 11484 --- [batch-process] [kafka-producer-network-thread | batch-process-producer-1] org.apache.kafka.clients.NetworkClient   : [Producer clientId=batch-process-producer-1] The metadata response from the cluster reported a recoverable issue with correlation id 261 : {file-topic=UNKNOWN_TOPIC_OR_PARTITION}
2026-04-03T21:00:31.840+05:30  WARN 11484 --- [batch-process] [org.springframework.kafka.KafkaListenerEndpointContainer#0-0-C-1] org.apache.kafka.clients.NetworkClient   : [Consumer clientId=consumer-file-group-1, groupId=file-group] The metadata response from the cluster reported a recoverable issue with correlation id 96 : {file-topic=UNKNOWN_TOPIC_OR_PARTITION}
2026-04-03T21:00:32.382+05:30  WARN 11484 --- [batch-process] [kafka-producer-network-thread | batch-process-producer-1] org.apache.kafka.clients.NetworkClient   : [Producer clientId=batch-process-producer-1] The metadata response from the cluster reported a recoverable issue with correlation id 273 : {file-topic=UNKNOWN_TOPIC_OR_PARTITION}
2026-04-03T21:00:32.647+05:30  WARN 11484 --- [batch-process] [org.springframework.kafka.KafkaListenerEndpointContainer#0-0-C-1] org.apache.kafka.clients.NetworkClient   : [Consumer clientId=consumer-file-group-1, groupId=file-group] The metadata response from the cluster reported a recoverable issue with correlation id 97 : {file-topic=UNKNOWN_TOPIC_OR_PARTITION}
2026-04-03T21:00:33.409+05:30  WARN 11484 --- [batch-process] [kafka-producer-network-thread | batch-process-producer-1] org.apache.kafka.clients.NetworkClient   : [Producer clientId=batch-process-producer-1] The metadata response from the cluster reported a recoverable issue with correlation id 284 : {file-topic=UNKNOWN_TOPIC_OR_PARTITION}
2026-04-03T21:00:33.649+05:30  WARN 11484 --- [batch-process] [org.springframework.kafka.KafkaListenerEndpointContainer#0-0-C-1] org.apache.kafka.clients.NetworkClient   : [Consumer clientId=consumer-file-group-1, groupId=file-group] The metadata response from the cluster reported a recoverable issue with correlation id 98 : {file-topic=UNKNOWN_TOPIC_OR_PARTITION}
2026-04-03T21:00:34.332+05:30  WARN 11484 --- [batch-process] [kafka-producer-network-thread | batch-process-producer-1] org.apache.kafka.clients.NetworkClient   : [Producer clientId=batch-process-producer-1] The metadata response from the cluster reported a recoverable issue with correlation id 294 : {file-topic=UNKNOWN_TOPIC_OR_PARTITION}
2026-04-03T21:00:34.557+05:30  WARN 11484 --- [batch-process] [org.springframework.kafka.KafkaListenerEndpointContainer#0-0-C-1] org.apache.kafka.clients.NetworkClient   : [Consumer clientId=consumer-file-group-1, groupId=file-group] The metadata response from the cluster reported a recoverable issue with correlation id 99 : {file-topic=UNKNOWN_TOPIC_OR_PARTITION}
2026-04-03T21:00:35.254+05:30  WARN 11484 --- [batch-process] [kafka-producer-network-thread | batch-process-producer-1] org.apache.kafka.clients.NetworkClient   : [Producer clientId=batch-process-producer-1] The metadata response from the cluster reported a recoverable issue with correlation id 304 : {file-topic=UNKNOWN_TOPIC_OR_PARTITION}
2026-04-03T21:00:35.428+05:30  WARN 11484 --- [batch-process] [org.springframework.kafka.KafkaListenerEndpointContainer#0-0-C-1] org.apache.kafka.clients.NetworkClient   : [Consumer clientId=consumer-file-group-1, groupId=file-group] The metadata response from the cluster reported a recoverable issue with correlation id 100 : {file-topic=UNKNOWN_TOPIC_OR_PARTITION}
2026-04-03T21:00:36.393+05:30  WARN 11484 --- [batch-process] [kafka-producer-network-thread | batch-process-producer-1] org.apache.kafka.clients.NetworkClient   : [Producer clientId=batch-process-producer-1] The metadata response from the cluster reported a recoverable issue with correlation id 316 : {file-topic=UNKNOWN_TOPIC_OR_PARTITION}
2026-04-03T21:00:36.430+05:30  WARN 11484 --- [batch-process] [org.springframework.kafka.KafkaListenerEndpointContainer#0-0-C-1] org.apache.kafka.clients.NetworkClient   : [Consumer clientId=consumer-file-group-1, groupId=file-group] The metadata response from the cluster reported a recoverable issue with correlation id 101 : {file-topic=UNKNOWN_TOPIC_OR_PARTITION}
2026-04-03T21:00:37.433+05:30  WARN 11484 --- [batch-process] [org.springframework.kafka.KafkaListenerEndpointContainer#0-0-C-1] org.apache.kafka.clients.NetworkClient   : [Consumer clientId=consumer-file-group-1, groupId=file-group] The metadata response from the cluster reported a recoverable issue with correlation id 102 : {file-topic=UNKNOWN_TOPIC_OR_PARTITION}
2026-04-03T21:00:37.527+05:30  WARN 11484 --- [batch-process] [kafka-producer-network-thread | batch-process-producer-1] org.apache.kafka.clients.NetworkClient   : [Producer clientId=batch-process-producer-1] The metadata response from the cluster reported a recoverable issue with correlation id 328 : {file-topic=UNKNOWN_TOPIC_OR_PARTITION}
2026-04-03T21:00:38.391+05:30  WARN 11484 --- [batch-process] [org.springframework.kafka.KafkaListenerEndpointContainer#0-0-C-1] org.apache.kafka.clients.NetworkClient   : [Consumer clientId=consumer-file-group-1, groupId=file-group] The metadata response from the cluster reported a recoverable issue with correlation id 103 : {file-topic=UNKNOWN_TOPIC_OR_PARTITION}
2026-04-03T21:00:38.663+05:30  WARN 11484 --- [batch-process] [kafka-producer-network-thread | batch-process-producer-1] org.apache.kafka.clients.NetworkClient   : [Producer clientId=batch-process-producer-1] The metadata response from the cluster reported a recoverable issue with correlation id 340 : {file-topic=UNKNOWN_TOPIC_OR_PARTITION}
2026-04-03T21:00:39.391+05:30  WARN 11484 --- [batch-process] [org.springframework.kafka.KafkaListenerEndpointContainer#0-0-C-1] org.apache.kafka.clients.NetworkClient   : [Consumer clientId=consumer-file-group-1, groupId=file-group] The metadata response from the cluster reported a recoverable issue with correlation id 104 : {file-topic=UNKNOWN_TOPIC_OR_PARTITION}
2026-04-03T21:00:39.590+05:30  WARN 11484 --- [batch-process] [kafka-producer-network-thread | batch-process-producer-1] org.apache.kafka.clients.NetworkClient   : [Producer clientId=batch-process-producer-1] The metadata response from the cluster reported a recoverable issue with correlation id 350 : {file-topic=UNKNOWN_TOPIC_OR_PARTITION}
2026-04-03T21:00:40.395+05:30  WARN 11484 --- [batch-process] [org.springframework.kafka.KafkaListenerEndpointContainer#0-0-C-1] org.apache.kafka.clients.NetworkClient   : [Consumer clientId=consumer-file-group-1, groupId=file-group] The metadata response from the cluster reported a recoverable issue with correlation id 105 : {file-topic=UNKNOWN_TOPIC_OR_PARTITION}
2026-04-03T21:00:40.616+05:30  WARN 11484 --- [batch-process] [kafka-producer-network-thread | batch-process-producer-1] org.apache.kafka.clients.NetworkClient   : [Producer clientId=batch-process-producer-1] The metadata response from the cluster reported a recoverable issue with correlation id 361 : {file-topic=UNKNOWN_TOPIC_OR_PARTITION}
2026-04-03T21:00:41.305+05:30  WARN 11484 --- [batch-process] [org.springframework.kafka.KafkaListenerEndpointContainer#0-0-C-1] org.apache.kafka.clients.NetworkClient   : [Consumer clientId=consumer-file-group-1, groupId=file-group] The metadata response from the cluster reported a recoverable issue with correlation id 106 : {file-topic=UNKNOWN_TOPIC_OR_PARTITION}
2026-04-03T21:00:41.744+05:30  WARN 11484 --- [batch-process] [kafka-producer-network-thread | batch-process-producer-1] org.apache.kafka.clients.NetworkClient   : [Producer clientId=batch-process-producer-1] The metadata response from the cluster reported a recoverable issue with correlation id 373 : {file-topic=UNKNOWN_TOPIC_OR_PARTITION}
2026-04-03T21:00:42.212+05:30  WARN 11484 --- [batch-process] [org.springframework.kafka.KafkaListenerEndpointContainer#0-0-C-1] org.apache.kafka.clients.NetworkClient   : [Consumer clientId=consumer-file-group-1, groupId=file-group] The metadata response from the cluster reported a recoverable issue with correlation id 107 : {file-topic=UNKNOWN_TOPIC_OR_PARTITION}
2026-04-03T21:00:42.673+05:30  WARN 11484 --- [batch-process] [kafka-producer-network-thread | batch-process-producer-1] org.apache.kafka.clients.NetworkClient   : [Producer clientId=batch-process-producer-1] The metadata response from the cluster reported a recoverable issue with correlation id 383 : {file-topic=UNKNOWN_TOPIC_OR_PARTITION}
2026-04-03T21:00:43.215+05:30  WARN 11484 --- [batch-process] [org.springframework.kafka.KafkaListenerEndpointContainer#0-0-C-1] org.apache.kafka.clients.NetworkClient   : [Consumer clientId=consumer-file-group-1, groupId=file-group] The metadata response from the cluster reported a recoverable issue with correlation id 108 : {file-topic=UNKNOWN_TOPIC_OR_PARTITION}
2026-04-03T21:00:43.703+05:30  WARN 11484 --- [batch-process] [kafka-producer-network-thread | batch-process-producer-1] org.apache.kafka.clients.NetworkClient   : [Producer clientId=batch-process-producer-1] The metadata response from the cluster reported a recoverable issue with correlation id 394 : {file-topic=UNKNOWN_TOPIC_OR_PARTITION}
2026-04-03T21:00:44.219+05:30  WARN 11484 --- [batch-process] [org.springframework.kafka.KafkaListenerEndpointContainer#0-0-C-1] org.apache.kafka.clients.NetworkClient   : [Consumer clientId=consumer-file-group-1, groupId=file-group] The metadata response from the cluster reported a recoverable issue with correlation id 109 : {file-topic=UNKNOWN_TOPIC_OR_PARTITION}
2026-04-03T21:00:44.730+05:30  WARN 11484 --- [batch-process] [kafka-producer-network-thread | batch-process-producer-1] org.apache.kafka.clients.NetworkClient   : [Producer clientId=batch-process-producer-1] The metadata response from the cluster reported a recoverable issue with correlation id 405 : {file-topic=UNKNOWN_TOPIC_OR_PARTITION}
2026-04-03T21:00:45.222+05:30  WARN 11484 --- [batch-process] [org.springframework.kafka.KafkaListenerEndpointContainer#0-0-C-1] org.apache.kafka.clients.NetworkClient   : [Consumer clientId=consumer-file-group-1, groupId=file-group] The metadata response from the cluster reported a recoverable issue with correlation id 110 : {file-topic=UNKNOWN_TOPIC_OR_PARTITION}
2026-04-03T21:00:45.756+05:30  WARN 11484 --- [batch-process] [kafka-producer-network-thread | batch-process-producer-1] org.apache.kafka.clients.NetworkClient   : [Producer clientId=batch-process-producer-1] The metadata response from the cluster reported a recoverable issue with correlation id 416 : {file-topic=UNKNOWN_TOPIC_OR_PARTITION}
2026-04-03T21:00:46.224+05:30  WARN 11484 --- [batch-process] [org.springframework.kafka.KafkaListenerEndpointContainer#0-0-C-1] org.apache.kafka.clients.NetworkClient   : [Consumer clientId=consumer-file-group-1, groupId=file-group] The metadata response from the cluster reported a recoverable issue with correlation id 111 : {file-topic=UNKNOWN_TOPIC_OR_PARTITION}
2026-04-03T21:00:46.878+05:30  WARN 11484 --- [batch-process] [kafka-producer-network-thread | batch-process-producer-1] org.apache.kafka.clients.NetworkClient   : [Producer clientId=batch-process-producer-1] The metadata response from the cluster reported a recoverable issue with correlation id 428 : {file-topic=UNKNOWN_TOPIC_OR_PARTITION}
2026-04-03T21:00:47.131+05:30  WARN 11484 --- [batch-process] [org.springframework.kafka.KafkaListenerEndpointContainer#0-0-C-1] org.apache.kafka.clients.NetworkClient   : [Consumer clientId=consumer-file-group-1, groupId=file-group] The metadata response from the cluster reported a recoverable issue with correlation id 112 : {file-topic=UNKNOWN_TOPIC_OR_PARTITION}
2026-04-03T21:00:47.902+05:30  WARN 11484 --- [batch-process] [kafka-producer-network-thread | batch-process-producer-1] org.apache.kafka.clients.NetworkClient   : [Producer clientId=batch-process-producer-1] The metadata response from the cluster reported a recoverable issue with correlation id 439 : {file-topic=UNKNOWN_TOPIC_OR_PARTITION}
2026-04-03T21:00:48.133+05:30  WARN 11484 --- [batch-process] [org.springframework.kafka.KafkaListenerEndpointContainer#0-0-C-1] org.apache.kafka.clients.NetworkClient   : [Consumer clientId=consumer-file-group-1, groupId=file-group] The metadata response from the cluster reported a recoverable issue with correlation id 113 : {file-topic=UNKNOWN_TOPIC_OR_PARTITION}
2026-04-03T21:00:48.822+05:30  WARN 11484 --- [batch-process] [kafka-producer-network-thread | batch-process-producer-1] org.apache.kafka.clients.NetworkClient   : [Producer clientId=batch-process-producer-1] The metadata response from the cluster reported a recoverable issue with correlation id 449 : {file-topic=UNKNOWN_TOPIC_OR_PARTITION}
2026-04-03T21:00:49.103+05:30  WARN 11484 --- [batch-process] [org.springframework.kafka.KafkaListenerEndpointContainer#0-0-C-1] org.apache.kafka.clients.NetworkClient   : [Consumer clientId=consumer-file-group-1, groupId=file-group] The metadata response from the cluster reported a recoverable issue with correlation id 114 : {file-topic=UNKNOWN_TOPIC_OR_PARTITION}
2026-04-03T21:00:49.846+05:30  WARN 11484 --- [batch-process] [kafka-producer-network-thread | batch-process-producer-1] org.apache.kafka.clients.NetworkClient   : [Producer clientId=batch-process-producer-1] The metadata response from the cluster reported a recoverable issue with correlation id 460 : {file-topic=UNKNOWN_TOPIC_OR_PARTITION}
2026-04-03T21:00:50.025+05:30  WARN 11484 --- [batch-process] [org.springframework.kafka.KafkaListenerEndpointContainer#0-0-C-1] org.apache.kafka.clients.NetworkClient   : [Consumer clientId=consumer-file-group-1, groupId=file-group] The metadata response from the cluster reported a recoverable issue with correlation id 115 : {file-topic=UNKNOWN_TOPIC_OR_PARTITION}
2026-04-03T21:00:50.874+05:30  WARN 11484 --- [batch-process] [kafka-producer-network-thread | batch-process-producer-1] org.apache.kafka.clients.NetworkClient   : [Producer clientId=batch-process-producer-1] The metadata response from the cluster reported a recoverable issue with correlation id 471 : {file-topic=UNKNOWN_TOPIC_OR_PARTITION}
2026-04-03T21:00:51.027+05:30  WARN 11484 --- [batch-process] [org.springframework.kafka.KafkaListenerEndpointContainer#0-0-C-1] org.apache.kafka.clients.NetworkClient   : [Consumer clientId=consumer-file-group-1, groupId=file-group] The metadata response from the cluster reported a recoverable issue with correlation id 116 : {file-topic=UNKNOWN_TOPIC_OR_PARTITION}
2026-04-03T21:00:51.896+05:30  WARN 11484 --- [batch-process] [kafka-producer-network-thread | batch-process-producer-1] org.apache.kafka.clients.NetworkClient   : [Producer clientId=batch-process-producer-1] The metadata response from the cluster reported a recoverable issue with correlation id 482 : {file-topic=UNKNOWN_TOPIC_OR_PARTITION}
2026-04-03T21:00:52.029+05:30  WARN 11484 --- [batch-process] [org.springframework.kafka.KafkaListenerEndpointContainer#0-0-C-1] org.apache.kafka.clients.NetworkClient   : [Consumer clientId=consumer-file-group-1, groupId=file-group] The metadata response from the cluster reported a recoverable issue with correlation id 117 : {file-topic=UNKNOWN_TOPIC_OR_PARTITION}
2026-04-03T21:00:52.918+05:30  WARN 11484 --- [batch-process] [kafka-producer-network-thread | batch-process-producer-1] org.apache.kafka.clients.NetworkClient   : [Producer clientId=batch-process-producer-1] The metadata response from the cluster reported a recoverable issue with correlation id 493 : {file-topic=UNKNOWN_TOPIC_OR_PARTITION}
2026-04-03T21:00:53.031+05:30  WARN 11484 --- [batch-process] [org.springframework.kafka.KafkaListenerEndpointContainer#0-0-C-1] org.apache.kafka.clients.NetworkClient   : [Consumer clientId=consumer-file-group-1, groupId=file-group] The metadata response from the cluster reported a recoverable issue with correlation id 118 : {file-topic=UNKNOWN_TOPIC_OR_PARTITION}
2026-04-03T21:00:53.939+05:30  WARN 11484 --- [batch-process] [kafka-producer-network-thread | batch-process-producer-1] org.apache.kafka.clients.NetworkClient   : [Producer clientId=batch-process-producer-1] The metadata response from the cluster reported a recoverable issue with correlation id 504 : {file-topic=UNKNOWN_TOPIC_OR_PARTITION}
2026-04-03T21:00:54.011+05:30  WARN 11484 --- [batch-process] [org.springframework.kafka.KafkaListenerEndpointContainer#0-0-C-1] org.apache.kafka.clients.NetworkClient   : [Consumer clientId=consumer-file-group-1, groupId=file-group] The metadata response from the cluster reported a recoverable issue with correlation id 119 : {file-topic=UNKNOWN_TOPIC_OR_PARTITION}
2026-04-03T21:00:54.923+05:30  WARN 11484 --- [batch-process] [org.springframework.kafka.KafkaListenerEndpointContainer#0-0-C-1] org.apache.kafka.clients.NetworkClient   : [Consumer clientId=consumer-file-group-1, groupId=file-group] The metadata response from the cluster reported a recoverable issue with correlation id 120 : {file-topic=UNKNOWN_TOPIC_OR_PARTITION}
2026-04-03T21:00:54.959+05:30  WARN 11484 --- [batch-process] [kafka-producer-network-thread | batch-process-producer-1] org.apache.kafka.clients.NetworkClient   : [Producer clientId=batch-process-producer-1] The metadata response from the cluster reported a recoverable issue with correlation id 515 : {file-topic=UNKNOWN_TOPIC_OR_PARTITION}
2026-04-03T21:00:55.915+05:30  WARN 11484 --- [batch-process] [org.springframework.kafka.KafkaListenerEndpointContainer#0-0-C-1] org.apache.kafka.clients.NetworkClient   : [Consumer clientId=consumer-file-group-1, groupId=file-group] The metadata response from the cluster reported a recoverable issue with correlation id 121 : {file-topic=UNKNOWN_TOPIC_OR_PARTITION}
2026-04-03T21:00:56.080+05:30  WARN 11484 --- [batch-process] [kafka-producer-network-thread | batch-process-producer-1] org.apache.kafka.clients.NetworkClient   : [Producer clientId=batch-process-producer-1] The metadata response from the cluster reported a recoverable issue with correlation id 527 : {file-topic=UNKNOWN_TOPIC_OR_PARTITION}
2026-04-03T21:00:56.743+05:30  WARN 11484 --- [batch-process] [org.springframework.kafka.KafkaListenerEndpointContainer#0-0-C-1] org.apache.kafka.clients.NetworkClient   : [Consumer clientId=consumer-file-group-1, groupId=file-group] The metadata response from the cluster reported a recoverable issue with correlation id 122 : {file-topic=UNKNOWN_TOPIC_OR_PARTITION}
2026-04-03T21:00:57.122+05:30  WARN 11484 --- [batch-process] [kafka-producer-network-thread | batch-process-producer-1] org.apache.kafka.clients.NetworkClient   : [Producer clientId=batch-process-producer-1] The metadata response from the cluster reported a recoverable issue with correlation id 538 : {file-topic=UNKNOWN_TOPIC_OR_PARTITION}
2026-04-03T21:00:57.648+05:30  WARN 11484 --- [batch-process] [org.springframework.kafka.KafkaListenerEndpointContainer#0-0-C-1] org.apache.kafka.clients.NetworkClient   : [Consumer clientId=consumer-file-group-1, groupId=file-group] The metadata response from the cluster reported a recoverable issue with correlation id 123 : {file-topic=UNKNOWN_TOPIC_OR_PARTITION}
2026-04-03T21:00:58.241+05:30  WARN 11484 --- [batch-process] [kafka-producer-network-thread | batch-process-producer-1] org.apache.kafka.clients.NetworkClient   : [Producer clientId=batch-process-producer-1] The metadata response from the cluster reported a recoverable issue with correlation id 550 : {file-topic=UNKNOWN_TOPIC_OR_PARTITION}
2026-04-03T21:00:58.552+05:30  WARN 11484 --- [batch-process] [org.springframework.kafka.KafkaListenerEndpointContainer#0-0-C-1] org.apache.kafka.clients.NetworkClient   : [Consumer clientId=consumer-file-group-1, groupId=file-group] The metadata response from the cluster reported a recoverable issue with correlation id 124 : {file-topic=UNKNOWN_TOPIC_OR_PARTITION}
2026-04-03T21:00:59.365+05:30  WARN 11484 --- [batch-process] [kafka-producer-network-thread | batch-process-producer-1] org.apache.kafka.clients.NetworkClient   : [Producer clientId=batch-process-producer-1] The metadata response from the cluster reported a recoverable issue with correlation id 562 : {file-topic=UNKNOWN_TOPIC_OR_PARTITION}
2026-04-03T21:00:59.524+05:30  WARN 11484 --- [batch-process] [org.springframework.kafka.KafkaListenerEndpointContainer#0-0-C-1] org.apache.kafka.clients.NetworkClient   : [Consumer clientId=consumer-file-group-1, groupId=file-group] The metadata response from the cluster reported a recoverable issue with correlation id 125 : {file-topic=UNKNOWN_TOPIC_OR_PARTITION}
2026-04-03T21:01:00.486+05:30  WARN 11484 --- [batch-process] [kafka-producer-network-thread | batch-process-producer-1] org.apache.kafka.clients.NetworkClient   : [Producer clientId=batch-process-producer-1] The metadata response from the cluster reported a recoverable issue with correlation id 574 : {file-topic=UNKNOWN_TOPIC_OR_PARTITION}
2026-04-03T21:01:00.526+05:30  WARN 11484 --- [batch-process] [org.springframework.kafka.KafkaListenerEndpointContainer#0-0-C-1] org.apache.kafka.clients.NetworkClient   : [Consumer clientId=consumer-file-group-1, groupId=file-group] The metadata response from the cluster reported a recoverable issue with correlation id 126 : {file-topic=UNKNOWN_TOPIC_OR_PARTITION}
2026-04-03T21:01:01.434+05:30  WARN 11484 --- [batch-process] [org.springframework.kafka.KafkaListenerEndpointContainer#0-0-C-1] org.apache.kafka.clients.NetworkClient   : [Consumer clientId=consumer-file-group-1, groupId=file-group] The metadata response from the cluster reported a recoverable issue with correlation id 127 : {file-topic=UNKNOWN_TOPIC_OR_PARTITION}
2026-04-03T21:01:01.604+05:30  WARN 11484 --- [batch-process] [kafka-producer-network-thread | batch-process-producer-1] org.apache.kafka.clients.NetworkClient   : [Producer clientId=batch-process-producer-1] The metadata response from the cluster reported a recoverable issue with correlation id 586 : {file-topic=UNKNOWN_TOPIC_OR_PARTITION}
2026-04-03T21:01:02.436+05:30  WARN 11484 --- [batch-process] [org.springframework.kafka.KafkaListenerEndpointContainer#0-0-C-1] org.apache.kafka.clients.NetworkClient   : [Consumer clientId=consumer-file-group-1, groupId=file-group] The metadata response from the cluster reported a recoverable issue with correlation id 128 : {file-topic=UNKNOWN_TOPIC_OR_PARTITION}
2026-04-03T21:01:02.622+05:30  WARN 11484 --- [batch-process] [kafka-producer-network-thread | batch-process-producer-1] org.apache.kafka.clients.NetworkClient   : [Producer clientId=batch-process-producer-1] The metadata response from the cluster reported a recoverable issue with correlation id 597 : {file-topic=UNKNOWN_TOPIC_OR_PARTITION}
2026-04-03T21:01:03.340+05:30  WARN 11484 --- [batch-process] [org.springframework.kafka.KafkaListenerEndpointContainer#0-0-C-1] org.apache.kafka.clients.NetworkClient   : [Consumer clientId=consumer-file-group-1, groupId=file-group] The metadata response from the cluster reported a recoverable issue with correlation id 129 : {file-topic=UNKNOWN_TOPIC_OR_PARTITION}
2026-04-03T21:01:03.742+05:30  WARN 11484 --- [batch-process] [kafka-producer-network-thread | batch-process-producer-1] org.apache.kafka.clients.NetworkClient   : [Producer clientId=batch-process-producer-1] The metadata response from the cluster reported a recoverable issue with correlation id 609 : {file-topic=UNKNOWN_TOPIC_OR_PARTITION}
2026-04-03T21:01:04.341+05:30  WARN 11484 --- [batch-process] [org.springframework.kafka.KafkaListenerEndpointContainer#0-0-C-1] org.apache.kafka.clients.NetworkClient   : [Consumer clientId=consumer-file-group-1, groupId=file-group] The metadata response from the cluster reported a recoverable issue with correlation id 130 : {file-topic=UNKNOWN_TOPIC_OR_PARTITION}
2026-04-03T21:01:04.863+05:30  WARN 11484 --- [batch-process] [kafka-producer-network-thread | batch-process-producer-1] org.apache.kafka.clients.NetworkClient   : [Producer clientId=batch-process-producer-1] The metadata response from the cluster reported a recoverable issue with correlation id 621 : {file-topic=UNKNOWN_TOPIC_OR_PARTITION}
2026-04-03T21:01:05.229+05:30  WARN 11484 --- [batch-process] [org.springframework.kafka.KafkaListenerEndpointContainer#0-0-C-1] org.apache.kafka.clients.NetworkClient   : [Consumer clientId=consumer-file-group-1, groupId=file-group] The metadata response from the cluster reported a recoverable issue with correlation id 131 : {file-topic=UNKNOWN_TOPIC_OR_PARTITION}
2026-04-03T21:01:05.984+05:30  WARN 11484 --- [batch-process] [kafka-producer-network-thread | batch-process-producer-1] org.apache.kafka.clients.NetworkClient   : [Producer clientId=batch-process-producer-1] The metadata response from the cluster reported a recoverable issue with correlation id 633 : {file-topic=UNKNOWN_TOPIC_OR_PARTITION}
2026-04-03T21:01:06.134+05:30  WARN 11484 --- [batch-process] [org.springframework.kafka.KafkaListenerEndpointContainer#0-0-C-1] org.apache.kafka.clients.NetworkClient   : [Consumer clientId=consumer-file-group-1, groupId=file-group] The metadata response from the cluster reported a recoverable issue with correlation id 132 : {file-topic=UNKNOWN_TOPIC_OR_PARTITION}
2026-04-03T21:01:07.004+05:30  WARN 11484 --- [batch-process] [kafka-producer-network-thread | batch-process-producer-1] org.apache.kafka.clients.NetworkClient   : [Producer clientId=batch-process-producer-1] The metadata response from the cluster reported a recoverable issue with correlation id 644 : {file-topic=UNKNOWN_TOPIC_OR_PARTITION}
2026-04-03T21:01:07.068+05:30 ERROR 11484 --- [batch-process] [http-nio-9105-exec-2] o.s.k.support.LoggingProducerListener    : Exception thrown when sending a message with key='null' and payload='[com.fasterxml.jackson.core:jackson-databind:2.21.0, com.fasterxml.jackson.core:jackson-databind:2.2...' to topic file-topic:

org.apache.kafka.common.errors.TimeoutException: Topic file-topic not present in metadata after 60000 ms.
Caused by: org.apache.kafka.common.errors.UnknownTopicOrPartitionException: This server does not host this topic-partition.

2026-04-03T21:01:07.117+05:30 ERROR 11484 --- [batch-process] [http-nio-9105-exec-2] o.a.c.c.C.[.[.[/].[dispatcherServlet]    : Servlet.service() for servlet [dispatcherServlet] in context with path [] threw exception [Request processing failed: org.springframework.kafka.KafkaException: Send failed] with root cause

org.apache.kafka.common.errors.UnknownTopicOrPartitionException: This server does not host this topic-partition.

2026-04-03T21:01:07.135+05:30  WARN 11484 --- [batch-process] [org.springframework.kafka.KafkaListenerEndpointContainer#0-0-C-1] org.apache.kafka.clients.NetworkClient   : [Consumer clientId=consumer-file-group-1, groupId=file-group] The metadata response from the cluster reported a recoverable issue with correlation id 133 : {file-topic=UNKNOWN_TOPIC_OR_PARTITION}
2026-04-03T21:01:08.060+05:30  WARN 11484 --- [batch-process] [org.springframework.kafka.KafkaListenerEndpointContainer#0-0-C-1] org.apache.kafka.clients.NetworkClient   : [Consumer clientId=consumer-file-group-1, groupId=file-group] The metadata response from the cluster reported a recoverable issue with correlation id 134 : {file-topic=UNKNOWN_TOPIC_OR_PARTITION}
2026-04-03T21:01:08.133+05:30  WARN 11484 --- [batch-process] [kafka-producer-network-thread | batch-process-producer-1] org.apache.kafka.clients.NetworkClient   : [Producer clientId=batch-process-producer-1] The metadata response from the cluster reported a recoverable issue with correlation id 656 : {file-topic=UNKNOWN_TOPIC_OR_PARTITION}
2026-04-03T21:01:08.986+05:30  WARN 11484 --- [batch-process] [org.springframework.kafka.KafkaListenerEndpointContainer#0-0-C-1] org.apache.kafka.clients.NetworkClient   : [Consumer clientId=consumer-file-group-1, groupId=file-group] The metadata response from the cluster reported a recoverable issue with correlation id 135 : {file-topic=UNKNOWN_TOPIC_OR_PARTITION}
2026-04-03T21:01:09.156+05:30  WARN 11484 --- [batch-process] [kafka-producer-network-thread | batch-process-producer-1] org.apache.kafka.clients.NetworkClient   : [Producer clientId=batch-process-producer-1] The metadata response from the cluster reported a recoverable issue with correlation id 667 : {file-topic=UNKNOWN_TOPIC_OR_PARTITION}
2026-04-03T21:01:09.908+05:30  WARN 11484 --- [batch-process] [org.springframework.kafka.KafkaListenerEndpointContainer#0-0-C-1] org.apache.kafka.clients.NetworkClient   : [Consumer clientId=consumer-file-group-1, groupId=file-group] The metadata response from the cluster reported a recoverable issue with correlation id 136 : {file-topic=UNKNOWN_TOPIC_OR_PARTITION}
2026-04-03T21:01:10.282+05:30  WARN 11484 --- [batch-process] [kafka-producer-network-thread | batch-process-producer-1] org.apache.kafka.clients.NetworkClient   : [Producer clientId=batch-process-producer-1] The metadata response from the cluster reported a recoverable issue with correlation id 679 : {file-topic=UNKNOWN_TOPIC_OR_PARTITION}
2026-04-03T21:01:10.911+05:30  WARN 11484 --- [batch-process] [org.springframework.kafka.KafkaListenerEndpointContainer#0-0-C-1] org.apache.kafka.clients.NetworkClient   : [Consumer clientId=consumer-file-group-1, groupId=file-group] The metadata response from the cluster reported a recoverable issue with correlation id 137 : {file-topic=UNKNOWN_TOPIC_OR_PARTITION}
2026-04-03T21:01:11.405+05:30  WARN 11484 --- [batch-process] [kafka-producer-network-thread | batch-process-producer-1] org.apache.kafka.clients.NetworkClient   : [Producer clientId=batch-process-producer-1] The metadata response from the cluster reported a recoverable issue with correlation id 691 : {file-topic=UNKNOWN_TOPIC_OR_PARTITION}
2026-04-03T21:01:11.913+05:30  WARN 11484 --- [batch-process] [org.springframework.kafka.KafkaListenerEndpointContainer#0-0-C-1] org.apache.kafka.clients.NetworkClient   : [Consumer clientId=consumer-file-group-1, groupId=file-group] The metadata response from the cluster reported a recoverable issue with correlation id 138 : {file-topic=UNKNOWN_TOPIC_OR_PARTITION}
2026-04-03T21:01:12.536+05:30  WARN 11484 --- [batch-process] [kafka-producer-network-thread | batch-process-producer-1] org.apache.kafka.clients.NetworkClient   : [Producer clientId=batch-process-producer-1] The metadata response from the cluster reported a recoverable issue with correlation id 703 : {file-topic=UNKNOWN_TOPIC_OR_PARTITION}
2026-04-03T21:01:12.819+05:30  WARN 11484 --- [batch-process] [org.springframework.kafka.KafkaListenerEndpointContainer#0-0-C-1] org.apache.kafka.clients.NetworkClient   : [Consumer clientId=consumer-file-group-1, groupId=file-group] The metadata response from the cluster reported a recoverable issue with correlation id 139 : {file-topic=UNKNOWN_TOPIC_OR_PARTITION}
2026-04-03T21:01:13.561+05:30  WARN 11484 --- [batch-process] [kafka-producer-network-thread | batch-process-producer-1] org.apache.kafka.clients.NetworkClient   : [Producer clientId=batch-process-producer-1] The metadata response from the cluster reported a recoverable issue with correlation id 714 : {file-topic=UNKNOWN_TOPIC_OR_PARTITION}
2026-04-03T21:01:13.729+05:30  WARN 11484 --- [batch-process] [org.springframework.kafka.KafkaListenerEndpointContainer#0-0-C-1] org.apache.kafka.clients.NetworkClient   : [Consumer clientId=consumer-file-group-1, groupId=file-group] The metadata response from the cluster reported a recoverable issue with correlation id 140 : {file-topic=UNKNOWN_TOPIC_OR_PARTITION}
2026-04-03T21:01:14.689+05:30  WARN 11484 --- [batch-process] [kafka-producer-network-thread | batch-process-producer-1] org.apache.kafka.clients.NetworkClient   : [Producer clientId=batch-process-producer-1] The metadata response from the cluster reported a recoverable issue with correlation id 726 : {file-topic=UNKNOWN_TOPIC_OR_PARTITION}
2026-04-03T21:01:14.732+05:30  WARN 11484 --- [batch-process] [org.springframework.kafka.KafkaListenerEndpointContainer#0-0-C-1] org.apache.kafka.clients.NetworkClient   : [Consumer clientId=consumer-file-group-1, groupId=file-group] The metadata response from the cluster reported a recoverable issue with correlation id 141 : {file-topic=UNKNOWN_TOPIC_OR_PARTITION}
2026-04-03T21:01:15.641+05:30  WARN 11484 --- [batch-process] [org.springframework.kafka.KafkaListenerEndpointContainer#0-0-C-1] org.apache.kafka.clients.NetworkClient   : [Consumer clientId=consumer-file-group-1, groupId=file-group] The metadata response from the cluster reported a recoverable issue with correlation id 142 : {file-topic=UNKNOWN_TOPIC_OR_PARTITION}
2026-04-03T21:01:15.713+05:30  WARN 11484 --- [batch-process] [kafka-producer-network-thread | batch-process-producer-1] org.apache.kafka.clients.NetworkClient   : [Producer clientId=batch-process-producer-1] The metadata response from the cluster reported a recoverable issue with correlation id 737 : {file-topic=UNKNOWN_TOPIC_OR_PARTITION}
2026-04-03T21:01:16.550+05:30  WARN 11484 --- [batch-process] [org.springframework.kafka.KafkaListenerEndpointContainer#0-0-C-1] org.apache.kafka.clients.NetworkClient   : [Consumer clientId=consumer-file-group-1, groupId=file-group] The metadata response from the cluster reported a recoverable issue with correlation id 143 : {file-topic=UNKNOWN_TOPIC_OR_PARTITION}
2026-04-03T21:01:16.841+05:30  WARN 11484 --- [batch-process] [kafka-producer-network-thread | batch-process-producer-1] org.apache.kafka.clients.NetworkClient   : [Producer clientId=batch-process-producer-1] The metadata response from the cluster reported a recoverable issue with correlation id 749 : {file-topic=UNKNOWN_TOPIC_OR_PARTITION}
2026-04-03T21:01:17.460+05:30  WARN 11484 --- [batch-process] [org.springframework.kafka.KafkaListenerEndpointContainer#0-0-C-1] org.apache.kafka.clients.NetworkClient   : [Consumer clientId=consumer-file-group-1, groupId=file-group] The metadata response from the cluster reported a recoverable issue with correlation id 144 : {file-topic=UNKNOWN_TOPIC_OR_PARTITION}
2026-04-03T21:01:17.867+05:30  WARN 11484 --- [batch-process] [kafka-producer-network-thread | batch-process-producer-1] org.apache.kafka.clients.NetworkClient   : [Producer clientId=batch-process-producer-1] The metadata response from the cluster reported a recoverable issue with correlation id 760 : {file-topic=UNKNOWN_TOPIC_OR_PARTITION}
2026-04-03T21:01:18.369+05:30  WARN 11484 --- [batch-process] [org.springframework.kafka.KafkaListenerEndpointContainer#0-0-C-1] org.apache.kafka.clients.NetworkClient   : [Consumer clientId=consumer-file-group-1, groupId=file-group] The metadata response from the cluster reported a recoverable issue with correlation id 145 : {file-topic=UNKNOWN_TOPIC_OR_PARTITION}
2026-04-03T21:01:18.788+05:30  WARN 11484 --- [batch-process] [kafka-producer-network-thread | batch-process-producer-1] org.apache.kafka.clients.NetworkClient   : [Producer clientId=batch-process-producer-1] The metadata response from the cluster reported a recoverable issue with correlation id 770 : {file-topic=UNKNOWN_TOPIC_OR_PARTITION}
2026-04-03T21:01:19.186+05:30  WARN 11484 --- [batch-process] [org.springframework.kafka.KafkaListenerEndpointContainer#0-0-C-1] org.apache.kafka.clients.NetworkClient   : [Consumer clientId=consumer-file-group-1, groupId=file-group] The metadata response from the cluster reported a recoverable issue with correlation id 146 : {file-topic=UNKNOWN_TOPIC_OR_PARTITION}
2026-04-03T21:01:19.807+05:30  WARN 11484 --- [batch-process] [kafka-producer-network-thread | batch-process-producer-1] org.apache.kafka.clients.NetworkClient   : [Producer clientId=batch-process-producer-1] The metadata response from the cluster reported a recoverable issue with correlation id 781 : {file-topic=UNKNOWN_TOPIC_OR_PARTITION}
2026-04-03T21:01:20.128+05:30  WARN 11484 --- [batch-process] [org.springframework.kafka.KafkaListenerEndpointContainer#0-0-C-1] org.apache.kafka.clients.NetworkClient   : [Consumer clientId=consumer-file-group-1, groupId=file-group] The metadata response from the cluster reported a recoverable issue with correlation id 147 : {file-topic=UNKNOWN_TOPIC_OR_PARTITION}
2026-04-03T21:01:20.824+05:30  WARN 11484 --- [batch-process] [kafka-producer-network-thread | batch-process-producer-1] org.apache.kafka.clients.NetworkClient   : [Producer clientId=batch-process-producer-1] The metadata response from the cluster reported a recoverable issue with correlation id 792 : {file-topic=UNKNOWN_TOPIC_OR_PARTITION}
2026-04-03T21:01:21.105+05:30  WARN 11484 --- [batch-process] [org.springframework.kafka.KafkaListenerEndpointContainer#0-0-C-1] org.apache.kafka.clients.NetworkClient   : [Consumer clientId=consumer-file-group-1, groupId=file-group] The metadata response from the cluster reported a recoverable issue with correlation id 148 : {file-topic=UNKNOWN_TOPIC_OR_PARTITION}
2026-04-03T21:01:21.945+05:30  WARN 11484 --- [batch-process] [kafka-producer-network-thread | batch-process-producer-1] org.apache.kafka.clients.NetworkClient   : [Producer clientId=batch-process-producer-1] The metadata response from the cluster reported a recoverable issue with correlation id 804 : {file-topic=UNKNOWN_TOPIC_OR_PARTITION}
2026-04-03T21:01:22.032+05:30  WARN 11484 --- [batch-process] [org.springframework.kafka.KafkaListenerEndpointContainer#0-0-C-1] org.apache.kafka.clients.NetworkClient   : [Consumer clientId=consumer-file-group-1, groupId=file-group] The metadata response from the cluster reported a recoverable issue with correlation id 149 : {file-topic=UNKNOWN_TOPIC_OR_PARTITION}
2026-04-03T21:01:22.951+05:30  WARN 11484 --- [batch-process] [org.springframework.kafka.KafkaListenerEndpointContainer#0-0-C-1] org.apache.kafka.clients.NetworkClient   : [Consumer clientId=consumer-file-group-1, groupId=file-group] The metadata response from the cluster reported a recoverable issue with correlation id 150 : {file-topic=UNKNOWN_TOPIC_OR_PARTITION}
2026-04-03T21:01:23.078+05:30  WARN 11484 --- [batch-process] [kafka-producer-network-thread | batch-process-producer-1] org.apache.kafka.clients.NetworkClient   : [Producer clientId=batch-process-producer-1] The metadata response from the cluster reported a recoverable issue with correlation id 816 : {file-topic=UNKNOWN_TOPIC_OR_PARTITION}
2026-04-03T21:01:23.787+05:30  WARN 11484 --- [batch-process] [org.springframework.kafka.KafkaListenerEndpointContainer#0-0-C-1] org.apache.kafka.clients.NetworkClient   : [Consumer clientId=consumer-file-group-1, groupId=file-group] The metadata response from the cluster reported a recoverable issue with correlation id 151 : {file-topic=UNKNOWN_TOPIC_OR_PARTITION}
2026-04-03T21:01:24.024+05:30  WARN 11484 --- [batch-process] [kafka-producer-network-thread | batch-process-producer-1] org.apache.kafka.clients.NetworkClient   : [Producer clientId=batch-process-producer-1] The metadata response from the cluster reported a recoverable issue with correlation id 826 : {file-topic=UNKNOWN_TOPIC_OR_PARTITION}
2026-04-03T21:01:24.728+05:30  WARN 11484 --- [batch-process] [org.springframework.kafka.KafkaListenerEndpointContainer#0-0-C-1] org.apache.kafka.clients.NetworkClient   : [Consumer clientId=consumer-file-group-1, groupId=file-group] The metadata response from the cluster reported a recoverable issue with correlation id 152 : {file-topic=UNKNOWN_TOPIC_OR_PARTITION}
2026-04-03T21:01:25.144+05:30  WARN 11484 --- [batch-process] [kafka-producer-network-thread | batch-process-producer-1] org.apache.kafka.clients.NetworkClient   : [Producer clientId=batch-process-producer-1] The metadata response from the cluster reported a recoverable issue with correlation id 838 : {file-topic=UNKNOWN_TOPIC_OR_PARTITION}
2026-04-03T21:01:25.636+05:30  WARN 11484 --- [batch-process] [org.springframework.kafka.KafkaListenerEndpointContainer#0-0-C-1] org.apache.kafka.clients.NetworkClient   : [Consumer clientId=consumer-file-group-1, groupId=file-group] The metadata response from the cluster reported a recoverable issue with correlation id 153 : {file-topic=UNKNOWN_TOPIC_OR_PARTITION}
2026-04-03T21:01:26.163+05:30  WARN 11484 --- [batch-process] [kafka-producer-network-thread | batch-process-producer-1] org.apache.kafka.clients.NetworkClient   : [Producer clientId=batch-process-producer-1] The metadata response from the cluster reported a recoverable issue with correlation id 849 : {file-topic=UNKNOWN_TOPIC_OR_PARTITION}
2026-04-03T21:01:26.637+05:30  WARN 11484 --- [batch-process] [org.springframework.kafka.KafkaListenerEndpointContainer#0-0-C-1] org.apache.kafka.clients.NetworkClient   : [Consumer clientId=consumer-file-group-1, groupId=file-group] The metadata response from the cluster reported a recoverable issue with correlation id 154 : {file-topic=UNKNOWN_TOPIC_OR_PARTITION}
2026-04-03T21:01:27.285+05:30  WARN 11484 --- [batch-process] [kafka-producer-network-thread | batch-process-producer-1] org.apache.kafka.clients.NetworkClient   : [Producer clientId=batch-process-producer-1] The metadata response from the cluster reported a recoverable issue with correlation id 860 : {file-topic=UNKNOWN_TOPIC_OR_PARTITION}
2026-04-03T21:01:27.638+05:30  WARN 11484 --- [batch-process] [org.springframework.kafka.KafkaListenerEndpointContainer#0-0-C-1] org.apache.kafka.clients.NetworkClient   : [Consumer clientId=consumer-file-group-1, groupId=file-group] The metadata response from the cluster reported a recoverable issue with correlation id 155 : {file-topic=UNKNOWN_TOPIC_OR_PARTITION}
2026-04-03T21:01:28.201+05:30  WARN 11484 --- [batch-process] [kafka-producer-network-thread | batch-process-producer-1] org.apache.kafka.clients.NetworkClient   : [Producer clientId=batch-process-producer-1] The metadata response from the cluster reported a recoverable issue with correlation id 870 : {file-topic=UNKNOWN_TOPIC_OR_PARTITION}
2026-04-03T21:01:28.641+05:30  WARN 11484 --- [batch-process] [org.springframework.kafka.KafkaListenerEndpointContainer#0-0-C-1] org.apache.kafka.clients.NetworkClient   : [Consumer clientId=consumer-file-group-1, groupId=file-group] The metadata response from the cluster reported a recoverable issue with correlation id 156 : {file-topic=UNKNOWN_TOPIC_OR_PARTITION}
2026-04-03T21:01:29.224+05:30  WARN 11484 --- [batch-process] [kafka-producer-network-thread | batch-process-producer-1] org.apache.kafka.clients.NetworkClient   : [Producer clientId=batch-process-producer-1] The metadata response from the cluster reported a recoverable issue with correlation id 881 : {file-topic=UNKNOWN_TOPIC_OR_PARTITION}
2026-04-03T21:01:29.454+05:30  WARN 11484 --- [batch-process] [org.springframework.kafka.KafkaListenerEndpointContainer#0-0-C-1] org.apache.kafka.clients.NetworkClient   : [Consumer clientId=consumer-file-group-1, groupId=file-group] The metadata response from the cluster reported a recoverable issue with correlation id 157 : {file-topic=UNKNOWN_TOPIC_OR_PARTITION}
2026-04-03T21:01:30.240+05:30  WARN 11484 --- [batch-process] [kafka-producer-network-thread | batch-process-producer-1] org.apache.kafka.clients.NetworkClient   : [Producer clientId=batch-process-producer-1] The metadata response from the cluster reported a recoverable issue with correlation id 892 : {file-topic=UNKNOWN_TOPIC_OR_PARTITION}
2026-04-03T21:01:30.332+05:30  WARN 11484 --- [batch-process] [org.springframework.kafka.KafkaListenerEndpointContainer#0-0-C-1] org.apache.kafka.clients.NetworkClient   : [Consumer clientId=consumer-file-group-1, groupId=file-group] The metadata response from the cluster reported a recoverable issue with correlation id 158 : {file-topic=UNKNOWN_TOPIC_OR_PARTITION}
2026-04-03T21:01:31.239+05:30  WARN 11484 --- [batch-process] [org.springframework.kafka.KafkaListenerEndpointContainer#0-0-C-1] org.apache.kafka.clients.NetworkClient   : [Consumer clientId=consumer-file-group-1, groupId=file-group] The metadata response from the cluster reported a recoverable issue with correlation id 159 : {file-topic=UNKNOWN_TOPIC_OR_PARTITION}
2026-04-03T21:01:31.261+05:30  WARN 11484 --- [batch-process] [kafka-producer-network-thread | batch-process-producer-1] org.apache.kafka.clients.NetworkClient   : [Producer clientId=batch-process-producer-1] The metadata response from the cluster reported a recoverable issue with correlation id 903 : {file-topic=UNKNOWN_TOPIC_OR_PARTITION}
2026-04-03T21:01:32.147+05:30  WARN 11484 --- [batch-process] [org.springframework.kafka.KafkaListenerEndpointContainer#0-0-C-1] org.apache.kafka.clients.NetworkClient   : [Consumer clientId=consumer-file-group-1, groupId=file-group] The metadata response from the cluster reported a recoverable issue with correlation id 160 : {file-topic=UNKNOWN_TOPIC_OR_PARTITION}
2026-04-03T21:01:32.278+05:30  WARN 11484 --- [batch-process] [kafka-producer-network-thread | batch-process-producer-1] org.apache.kafka.clients.NetworkClient   : [Producer clientId=batch-process-producer-1] The metadata response from the cluster reported a recoverable issue with correlation id 914 : {file-topic=UNKNOWN_TOPIC_OR_PARTITION}
2026-04-03T21:01:33.052+05:30  WARN 11484 --- [batch-process] [org.springframework.kafka.KafkaListenerEndpointContainer#0-0-C-1] org.apache.kafka.clients.NetworkClient   : [Consumer clientId=consumer-file-group-1, groupId=file-group] The metadata response from the cluster reported a recoverable issue with correlation id 161 : {file-topic=UNKNOWN_TOPIC_OR_PARTITION}
2026-04-03T21:01:33.401+05:30  WARN 11484 --- [batch-process] [kafka-producer-network-thread | batch-process-producer-1] org.apache.kafka.clients.NetworkClient   : [Producer clientId=batch-process-producer-1] The metadata response from the cluster reported a recoverable issue with correlation id 926 : {file-topic=UNKNOWN_TOPIC_OR_PARTITION}
2026-04-03T21:01:34.116+05:30  WARN 11484 --- [batch-process] [org.springframework.kafka.KafkaListenerEndpointContainer#0-0-C-1] org.apache.kafka.clients.NetworkClient   : [Consumer clientId=consumer-file-group-1, groupId=file-group] The metadata response from the cluster reported a recoverable issue with correlation id 162 : {file-topic=UNKNOWN_TOPIC_OR_PARTITION}
2026-04-03T21:01:34.510+05:30  WARN 11484 --- [batch-process] [kafka-producer-network-thread | batch-process-producer-1] org.apache.kafka.clients.NetworkClient   : [Producer clientId=batch-process-producer-1] The metadata response from the cluster reported a recoverable issue with correlation id 933 : {file-topic=UNKNOWN_TOPIC_OR_PARTITION}
2026-04-03T21:01:35.119+05:30  WARN 11484 --- [batch-process] [org.springframework.kafka.KafkaListenerEndpointContainer#0-0-C-1] org.apache.kafka.clients.NetworkClient   : [Consumer clientId=consumer-file-group-1, groupId=file-group] The metadata response from the cluster reported a recoverable issue with correlation id 163 : {file-topic=UNKNOWN_TOPIC_OR_PARTITION}
2026-04-03T21:01:35.430+05:30  WARN 11484 --- [batch-process] [kafka-producer-network-thread | batch-process-producer-1] org.apache.kafka.clients.NetworkClient   : [Producer clientId=batch-process-producer-1] The metadata response from the cluster reported a recoverable issue with correlation id 943 : {file-topic=UNKNOWN_TOPIC_OR_PARTITION}
2026-04-03T21:01:36.122+05:30  WARN 11484 --- [batch-process] [org.springframework.kafka.KafkaListenerEndpointContainer#0-0-C-1] org.apache.kafka.clients.NetworkClient   : [Consumer clientId=consumer-file-group-1, groupId=file-group] The metadata response from the cluster reported a recoverable issue with correlation id 164 : {file-topic=UNKNOWN_TOPIC_OR_PARTITION}
2026-04-03T21:01:36.470+05:30  WARN 11484 --- [batch-process] [kafka-producer-network-thread | batch-process-producer-1] org.apache.kafka.clients.NetworkClient   : [Producer clientId=batch-process-producer-1] The metadata response from the cluster reported a recoverable issue with correlation id 954 : {file-topic=UNKNOWN_TOPIC_OR_PARTITION}
2026-04-03T21:01:37.068+05:30  WARN 11484 --- [batch-process] [org.springframework.kafka.KafkaListenerEndpointContainer#0-0-C-1] org.apache.kafka.clients.NetworkClient   : [Consumer clientId=consumer-file-group-1, groupId=file-group] The metadata response from the cluster reported a recoverable issue with correlation id 165 : {file-topic=UNKNOWN_TOPIC_OR_PARTITION}
2026-04-03T21:01:37.494+05:30  WARN 11484 --- [batch-process] [kafka-producer-network-thread | batch-process-producer-1] org.apache.kafka.clients.NetworkClient   : [Producer clientId=batch-process-producer-1] The metadata response from the cluster reported a recoverable issue with correlation id 965 : {file-topic=UNKNOWN_TOPIC_OR_PARTITION}
2026-04-03T21:01:38.068+05:30  WARN 11484 --- [batch-process] [org.springframework.kafka.KafkaListenerEndpointContainer#0-0-C-1] org.apache.kafka.clients.NetworkClient   : [Consumer clientId=consumer-file-group-1, groupId=file-group] The metadata response from the cluster reported a recoverable issue with correlation id 166 : {file-topic=UNKNOWN_TOPIC_OR_PARTITION}
2026-04-03T21:01:38.510+05:30  WARN 11484 --- [batch-process] [kafka-producer-network-thread | batch-process-producer-1] org.apache.kafka.clients.NetworkClient   : [Producer clientId=batch-process-producer-1] The metadata response from the cluster reported a recoverable issue with correlation id 976 : {file-topic=UNKNOWN_TOPIC_OR_PARTITION}
2026-04-03T21:01:38.976+05:30  WARN 11484 --- [batch-process] [org.springframework.kafka.KafkaListenerEndpointContainer#0-0-C-1] org.apache.kafka.clients.NetworkClient   : [Consumer clientId=consumer-file-group-1, groupId=file-group] The metadata response from the cluster reported a recoverable issue with correlation id 167 : {file-topic=UNKNOWN_TOPIC_OR_PARTITION}
2026-04-03T21:01:39.633+05:30  WARN 11484 --- [batch-process] [kafka-producer-network-thread | batch-process-producer-1] org.apache.kafka.clients.NetworkClient   : [Producer clientId=batch-process-producer-1] The metadata response from the cluster reported a recoverable issue with correlation id 988 : {file-topic=UNKNOWN_TOPIC_OR_PARTITION}
2026-04-03T21:01:39.829+05:30  WARN 11484 --- [batch-process] [org.springframework.kafka.KafkaListenerEndpointContainer#0-0-C-1] org.apache.kafka.clients.NetworkClient   : [Consumer clientId=consumer-file-group-1, groupId=file-group] The metadata response from the cluster reported a recoverable issue with correlation id 168 : {file-topic=UNKNOWN_TOPIC_OR_PARTITION}
2026-04-03T21:01:40.736+05:30  WARN 11484 --- [batch-process] [org.springframework.kafka.KafkaListenerEndpointContainer#0-0-C-1] org.apache.kafka.clients.NetworkClient   : [Consumer clientId=consumer-file-group-1, groupId=file-group] The metadata response from the cluster reported a recoverable issue with correlation id 169 : {file-topic=UNKNOWN_TOPIC_OR_PARTITION}
2026-04-03T21:01:40.755+05:30  WARN 11484 --- [batch-process] [kafka-producer-network-thread | batch-process-producer-1] org.apache.kafka.clients.NetworkClient   : [Producer clientId=batch-process-producer-1] The metadata response from the cluster reported a recoverable issue with correlation id 1000 : {file-topic=UNKNOWN_TOPIC_OR_PARTITION}
2026-04-03T21:01:41.740+05:30  WARN 11484 --- [batch-process] [org.springframework.kafka.KafkaListenerEndpointContainer#0-0-C-1] org.apache.kafka.clients.NetworkClient   : [Consumer clientId=consumer-file-group-1, groupId=file-group] The metadata response from the cluster reported a recoverable issue with correlation id 170 : {file-topic=UNKNOWN_TOPIC_OR_PARTITION}
2026-04-03T21:01:41.776+05:30  WARN 11484 --- [batch-process] [kafka-producer-network-thread | batch-process-producer-1] org.apache.kafka.clients.NetworkClient   : [Producer clientId=batch-process-producer-1] The metadata response from the cluster reported a recoverable issue with correlation id 1011 : {file-topic=UNKNOWN_TOPIC_OR_PARTITION}
2026-04-03T21:01:42.647+05:30  WARN 11484 --- [batch-process] [org.springframework.kafka.KafkaListenerEndpointContainer#0-0-C-1] org.apache.kafka.clients.NetworkClient   : [Consumer clientId=consumer-file-group-1, groupId=file-group] The metadata response from the cluster reported a recoverable issue with correlation id 171 : {file-topic=UNKNOWN_TOPIC_OR_PARTITION}
2026-04-03T21:01:42.896+05:30  WARN 11484 --- [batch-process] [kafka-producer-network-thread | batch-process-producer-1] org.apache.kafka.clients.NetworkClient   : [Producer clientId=batch-process-producer-1] The metadata response from the cluster reported a recoverable issue with correlation id 1023 : {file-topic=UNKNOWN_TOPIC_OR_PARTITION}
2026-04-03T21:01:43.329+05:30  INFO 11484 --- [batch-process] [org.springframework.kafka.KafkaListenerEndpointContainer#0-0-C-1] o.a.k.c.c.internals.ConsumerCoordinator  : [Consumer clientId=consumer-file-group-1, groupId=file-group] Resetting generation and member id due to: consumer pro-actively leaving the group
2026-04-03T21:01:43.329+05:30  INFO 11484 --- [batch-process] [org.springframework.kafka.KafkaListenerEndpointContainer#0-0-C-1] o.a.k.c.c.internals.ConsumerCoordinator  : [Consumer clientId=consumer-file-group-1, groupId=file-group] Request joining group due to: consumer pro-actively leaving the group
2026-04-03T21:01:43.329+05:30  INFO 11484 --- [batch-process] [org.springframework.kafka.KafkaListenerEndpointContainer#0-0-C-1] o.a.k.c.c.i.ClassicKafkaConsumer         : [Consumer clientId=consumer-file-group-1, groupId=file-group] Unsubscribed all topics or patterns and assigned partitions
2026-04-03T21:01:43.332+05:30  INFO 11484 --- [batch-process] [org.springframework.kafka.KafkaListenerEndpointContainer#0-0-C-1] o.a.k.c.c.internals.ConsumerCoordinator  : [Consumer clientId=consumer-file-group-1, groupId=file-group] Resetting generation and member id due to: consumer pro-actively leaving the group
2026-04-03T21:01:43.332+05:30  INFO 11484 --- [batch-process] [org.springframework.kafka.KafkaListenerEndpointContainer#0-0-C-1] o.a.k.c.c.internals.ConsumerCoordinator  : [Consumer clientId=consumer-file-group-1, groupId=file-group] Request joining group due to: consumer pro-actively leaving the group
2026-04-03T21:01:43.915+05:30  WARN 11484 --- [batch-process] [kafka-producer-network-thread | batch-process-producer-1] org.apache.kafka.clients.NetworkClient   : [Producer clientId=batch-process-producer-1] The metadata response from the cluster reported a recoverable issue with correlation id 1034 : {file-topic=UNKNOWN_TOPIC_OR_PARTITION}
2026-04-03T21:01:45.037+05:30  WARN 11484 --- [batch-process] [kafka-producer-network-thread | batch-process-producer-1] org.apache.kafka.clients.NetworkClient   : [Producer clientId=batch-process-producer-1] The metadata response from the cluster reported a recoverable issue with correlation id 1046 : {file-topic=UNKNOWN_TOPIC_OR_PARTITION}
2026-04-03T21:01:46.060+05:30  WARN 11484 --- [batch-process] [kafka-producer-network-thread | batch-process-producer-1] org.apache.kafka.clients.NetworkClient   : [Producer clientId=batch-process-producer-1] The metadata response from the cluster reported a recoverable issue with correlation id 1057 : {file-topic=UNKNOWN_TOPIC_OR_PARTITION}
2026-04-03T21:01:46.980+05:30  WARN 11484 --- [batch-process] [kafka-producer-network-thread | batch-process-producer-1] org.apache.kafka.clients.NetworkClient   : [Producer clientId=batch-process-producer-1] The metadata response from the cluster reported a recoverable issue with correlation id 1067 : {file-topic=UNKNOWN_TOPIC_OR_PARTITION}
2026-04-03T21:01:48.005+05:30  WARN 11484 --- [batch-process] [kafka-producer-network-thread | batch-process-producer-1] org.apache.kafka.clients.NetworkClient   : [Producer clientId=batch-process-producer-1] The metadata response from the cluster reported a recoverable issue with correlation id 1078 : {file-topic=UNKNOWN_TOPIC_OR_PARTITION}
2026-04-03T21:01:49.108+05:30  WARN 11484 --- [batch-process] [kafka-producer-network-thread | batch-process-producer-1] org.apache.kafka.clients.NetworkClient   : [Producer clientId=batch-process-producer-1] The metadata response from the cluster reported a recoverable issue with correlation id 1089 : {file-topic=UNKNOWN_TOPIC_OR_PARTITION}
2026-04-03T21:01:50.131+05:30  WARN 11484 --- [batch-process] [kafka-producer-network-thread | batch-process-producer-1] org.apache.kafka.clients.NetworkClient   : [Producer clientId=batch-process-producer-1] The metadata response from the cluster reported a recoverable issue with correlation id 1100 : {file-topic=UNKNOWN_TOPIC_OR_PARTITION}
2026-04-03T21:01:51.250+05:30  WARN 11484 --- [batch-process] [kafka-producer-network-thread | batch-process-producer-1] org.apache.kafka.clients.NetworkClient   : [Producer clientId=batch-process-producer-1] The metadata response from the cluster reported a recoverable issue with correlation id 1112 : {file-topic=UNKNOWN_TOPIC_OR_PARTITION}
2026-04-03T21:01:52.271+05:30  WARN 11484 --- [batch-process] [kafka-producer-network-thread | batch-process-producer-1] org.apache.kafka.clients.NetworkClient   : [Producer clientId=batch-process-producer-1] The metadata response from the cluster reported a recoverable issue with correlation id 1123 : {file-topic=UNKNOWN_TOPIC_OR_PARTITION}
2026-04-03T21:01:53.219+05:30  WARN 11484 --- [batch-process] [kafka-producer-network-thread | batch-process-producer-1] org.apache.kafka.clients.NetworkClient   : [Producer clientId=batch-process-producer-1] The metadata response from the cluster reported a recoverable issue with correlation id 1133 : {file-topic=UNKNOWN_TOPIC_OR_PARTITION}
2026-04-03T21:01:54.245+05:30  WARN 11484 --- [batch-process] [kafka-producer-network-thread | batch-process-producer-1] org.apache.kafka.clients.NetworkClient   : [Producer clientId=batch-process-producer-1] The metadata response from the cluster reported a recoverable issue with correlation id 1144 : {file-topic=UNKNOWN_TOPIC_OR_PARTITION}
2026-04-03T21:01:55.367+05:30  WARN 11484 --- [batch-process] [kafka-producer-network-thread | batch-process-producer-1] org.apache.kafka.clients.NetworkClient   : [Producer clientId=batch-process-producer-1] The metadata response from the cluster reported a recoverable issue with correlation id 1156 : {file-topic=UNKNOWN_TOPIC_OR_PARTITION}
2026-04-03T21:01:56.386+05:30  WARN 11484 --- [batch-process] [kafka-producer-network-thread | batch-process-producer-1] org.apache.kafka.clients.NetworkClient   : [Producer clientId=batch-process-producer-1] The metadata response from the cluster reported a recoverable issue with correlation id 1167 : {file-topic=UNKNOWN_TOPIC_OR_PARTITION}
2026-04-03T21:01:57.406+05:30  WARN 11484 --- [batch-process] [kafka-producer-network-thread | batch-process-producer-1] org.apache.kafka.clients.NetworkClient   : [Producer clientId=batch-process-producer-1] The metadata response from the cluster reported a recoverable issue with correlation id 1178 : {file-topic=UNKNOWN_TOPIC_OR_PARTITION}
2026-04-03T21:01:58.328+05:30  WARN 11484 --- [batch-process] [kafka-producer-network-thread | batch-process-producer-1] org.apache.kafka.clients.NetworkClient   : [Producer clientId=batch-process-producer-1] The metadata response from the cluster reported a recoverable issue with correlation id 1188 : {file-topic=UNKNOWN_TOPIC_OR_PARTITION}
2026-04-03T21:01:59.247+05:30  WARN 11484 --- [batch-process] [kafka-producer-network-thread | batch-process-producer-1] org.apache.kafka.clients.NetworkClient   : [Producer clientId=batch-process-producer-1] The metadata response from the cluster reported a recoverable issue with correlation id 1198 : {file-topic=UNKNOWN_TOPIC_OR_PARTITION}
2026-04-03T21:02:00.374+05:30  WARN 11484 --- [batch-process] [kafka-producer-network-thread | batch-process-producer-1] org.apache.kafka.clients.NetworkClient   : [Producer clientId=batch-process-producer-1] The metadata response from the cluster reported a recoverable issue with correlation id 1210 : {file-topic=UNKNOWN_TOPIC_OR_PARTITION}
2026-04-03T21:02:01.396+05:30  WARN 11484 --- [batch-process] [kafka-producer-network-thread | batch-process-producer-1] org.apache.kafka.clients.NetworkClient   : [Producer clientId=batch-process-producer-1] The metadata response from the cluster reported a recoverable issue with correlation id 1221 : {file-topic=UNKNOWN_TOPIC_OR_PARTITION}
2026-04-03T21:02:02.411+05:30  WARN 11484 --- [batch-process] [kafka-producer-network-thread | batch-process-producer-1] org.apache.kafka.clients.NetworkClient   : [Producer clientId=batch-process-producer-1] The metadata response from the cluster reported a recoverable issue with correlation id 1232 : {file-topic=UNKNOWN_TOPIC_OR_PARTITION}
2026-04-03T21:02:03.433+05:30  WARN 11484 --- [batch-process] [kafka-producer-network-thread | batch-process-producer-1] org.apache.kafka.clients.NetworkClient   : [Producer clientId=batch-process-producer-1] The metadata response from the cluster reported a recoverable issue with correlation id 1243 : {file-topic=UNKNOWN_TOPIC_OR_PARTITION}
2026-04-03T21:02:04.553+05:30  WARN 11484 --- [batch-process] [kafka-producer-network-thread | batch-process-producer-1] org.apache.kafka.clients.NetworkClient   : [Producer clientId=batch-process-producer-1] The metadata response from the cluster reported a recoverable issue with correlation id 1255 : {file-topic=UNKNOWN_TOPIC_OR_PARTITION}
2026-04-03T21:02:05.531+05:30  WARN 11484 --- [batch-process] [kafka-producer-network-thread | batch-process-producer-1] org.apache.kafka.clients.NetworkClient   : [Producer clientId=batch-process-producer-1] The metadata response from the cluster reported a recoverable issue with correlation id 1265 : {file-topic=UNKNOWN_TOPIC_OR_PARTITION}
2026-04-03T21:02:06.593+05:30  WARN 11484 --- [batch-process] [kafka-producer-network-thread | batch-process-producer-1] org.apache.kafka.clients.NetworkClient   : [Producer clientId=batch-process-producer-1] The metadata response from the cluster reported a recoverable issue with correlation id 1276 : {file-topic=UNKNOWN_TOPIC_OR_PARTITION}
2026-04-03T21:02:07.727+05:30  WARN 11484 --- [batch-process] [kafka-producer-network-thread | batch-process-producer-1] org.apache.kafka.clients.NetworkClient   : [Producer clientId=batch-process-producer-1] The metadata response from the cluster reported a recoverable issue with correlation id 1288 : {file-topic=UNKNOWN_TOPIC_OR_PARTITION}
2026-04-03T21:02:08.644+05:30  WARN 11484 --- [batch-process] [kafka-producer-network-thread | batch-process-producer-1] org.apache.kafka.clients.NetworkClient   : [Producer clientId=batch-process-producer-1] The metadata response from the cluster reported a recoverable issue with correlation id 1298 : {file-topic=UNKNOWN_TOPIC_OR_PARTITION}
2026-04-03T21:02:09.664+05:30  WARN 11484 --- [batch-process] [kafka-producer-network-thread | batch-process-producer-1] org.apache.kafka.clients.NetworkClient   : [Producer clientId=batch-process-producer-1] The metadata response from the cluster reported a recoverable issue with correlation id 1309 : {file-topic=UNKNOWN_TOPIC_OR_PARTITION}
2026-04-03T21:02:10.684+05:30  WARN 11484 --- [batch-process] [kafka-producer-network-thread | batch-process-producer-1] org.apache.kafka.clients.NetworkClient   : [Producer clientId=batch-process-producer-1] The metadata response from the cluster reported a recoverable issue with correlation id 1320 : {file-topic=UNKNOWN_TOPIC_OR_PARTITION}
2026-04-03T21:02:11.708+05:30  WARN 11484 --- [batch-process] [kafka-producer-network-thread | batch-process-producer-1] org.apache.kafka.clients.NetworkClient   : [Producer clientId=batch-process-producer-1] The metadata response from the cluster reported a recoverable issue with correlation id 1331 : {file-topic=UNKNOWN_TOPIC_OR_PARTITION}
2026-04-03T21:02:12.824+05:30  WARN 11484 --- [batch-process] [kafka-producer-network-thread | batch-process-producer-1] org.apache.kafka.clients.NetworkClient   : [Producer clientId=batch-process-producer-1] The metadata response from the cluster reported a recoverable issue with correlation id 1343 : {file-topic=UNKNOWN_TOPIC_OR_PARTITION}
2026-04-03T21:02:13.330+05:30  WARN 11484 --- [batch-process] [org.springframework.kafka.KafkaListenerEndpointContainer#0-0-C-1] o.a.k.c.c.internals.ConsumerCoordinator  : [Consumer clientId=consumer-file-group-1, groupId=file-group] Close timed out with 1 pending requests to coordinator, terminating client connections
2026-04-03T21:02:13.339+05:30  INFO 11484 --- [batch-process] [org.springframework.kafka.KafkaListenerEndpointContainer#0-0-C-1] o.apache.kafka.common.metrics.Metrics    : Metrics scheduler closed
2026-04-03T21:02:13.340+05:30  INFO 11484 --- [batch-process] [org.springframework.kafka.KafkaListenerEndpointContainer#0-0-C-1] o.apache.kafka.common.metrics.Metrics    : Closing reporter org.apache.kafka.common.metrics.JmxReporter
2026-04-03T21:02:13.339+05:30  INFO 11484 --- [batch-process] [SpringApplicationShutdownHook] o.s.c.support.DefaultLifecycleProcessor  : Shutdown phase 2147483547 ends with 1 bean still running after timeout of 30000ms: [org.springframework.kafka.config.internalKafkaListenerEndpointRegistry]
2026-04-03T21:02:13.340+05:30  INFO 11484 --- [batch-process] [org.springframework.kafka.KafkaListenerEndpointContainer#0-0-C-1] o.apache.kafka.common.metrics.Metrics    : Closing reporter org.apache.kafka.common.telemetry.internals.ClientTelemetryReporter
2026-04-03T21:02:13.340+05:30  INFO 11484 --- [batch-process] [org.springframework.kafka.KafkaListenerEndpointContainer#0-0-C-1] o.apache.kafka.common.metrics.Metrics    : Metrics reporters closed
2026-04-03T21:02:13.342+05:30  INFO 11484 --- [batch-process] [SpringApplicationShutdownHook] o.s.b.w.e.tomcat.GracefulShutdown        : Commencing graceful shutdown. Waiting for active requests to complete
2026-04-03T21:02:13.363+05:30  INFO 11484 --- [batch-process] [org.springframework.kafka.KafkaListenerEndpointContainer#0-0-C-1] o.a.kafka.common.utils.AppInfoParser     : App info kafka.consumer for consumer-file-group-1 unregistered
2026-04-03T21:02:13.363+05:30  INFO 11484 --- [batch-process] [org.springframework.kafka.KafkaListenerEndpointContainer#0-0-C-1] o.s.k.l.KafkaMessageListenerContainer    : file-group: Consumer stopped
2026-04-03T21:02:13.455+05:30  INFO 11484 --- [batch-process] [tomcat-shutdown] o.s.b.w.e.tomcat.GracefulShutdown        : Graceful shutdown complete
2026-04-03T21:02:13.457+05:30  INFO 11484 --- [batch-process] [SpringApplicationShutdownHook] o.a.k.clients.producer.KafkaProducer     : [Producer clientId=batch-process-producer-1] Closing the Kafka producer with timeoutMillis = 30000 ms.
2026-04-03T21:02:13.562+05:30  INFO 11484 --- [batch-process] [SpringApplicationShutdownHook] o.apache.kafka.common.metrics.Metrics    : Metrics scheduler closed
2026-04-03T21:02:13.563+05:30  INFO 11484 --- [batch-process] [SpringApplicationShutdownHook] o.apache.kafka.common.metrics.Metrics    : Closing reporter org.apache.kafka.common.metrics.JmxReporter
2026-04-03T21:02:13.565+05:30  INFO 11484 --- [batch-process] [SpringApplicationShutdownHook] o.apache.kafka.common.metrics.Metrics    : Closing reporter org.apache.kafka.common.telemetry.internals.ClientTelemetryReporter
2026-04-03T21:02:13.566+05:30  INFO 11484 --- [batch-process] [SpringApplicationShutdownHook] o.apache.kafka.common.metrics.Metrics    : Metrics reporters closed
2026-04-03T21:02:13.567+05:30  INFO 11484 --- [batch-process] [SpringApplicationShutdownHook] o.a.kafka.common.utils.AppInfoParser     : App info kafka.producer for batch-process-producer-1 unregistered
2026-04-03T21:02:13.572+05:30  INFO 11484 --- [batch-process] [SpringApplicationShutdownHook] j.LocalContainerEntityManagerFactoryBean : Closing JPA EntityManagerFactory for persistence unit 'default'
2026-04-03T21:02:13.576+05:30  INFO 11484 --- [batch-process] [SpringApplicationShutdownHook] com.zaxxer.hikari.HikariDataSource       : HikariPool-1 - Shutdown initiated...
2026-04-03T21:02:13.617+05:30  INFO 11484 --- [batch-process] [SpringApplicationShutdownHook] com.zaxxer.hikari.HikariDataSource       : HikariPool-1 - Shutdown completed.
2026-04-03T22:23:21.517+05:30  INFO 3512 --- [batch-process] [main] c.m.b.BatchProcessApplication            : Starting BatchProcessApplication using Java 17.0.16 with PID 3512 (D:\exercise\application-services\batch-process\target\classes started by Poojak in D:\exercise\application-services)
2026-04-03T22:23:21.525+05:30  INFO 3512 --- [batch-process] [main] c.m.b.BatchProcessApplication            : No active profile set, falling back to 1 default profile: "default"
2026-04-03T22:23:34.829+05:30  INFO 3512 --- [batch-process] [main] .s.d.r.c.RepositoryConfigurationDelegate : Bootstrapping Spring Data JPA repositories in DEFAULT mode.
2026-04-03T22:23:35.313+05:30  INFO 3512 --- [batch-process] [main] .s.d.r.c.RepositoryConfigurationDelegate : Finished Spring Data repository scanning in 431 ms. Found 2 JPA repository interfaces.
2026-04-03T22:23:38.159+05:30  INFO 3512 --- [batch-process] [main] o.s.b.w.embedded.tomcat.TomcatWebServer  : Tomcat initialized with port 9105 (http)
2026-04-03T22:23:38.199+05:30  INFO 3512 --- [batch-process] [main] o.apache.catalina.core.StandardService   : Starting service [Tomcat]
2026-04-03T22:23:38.199+05:30  INFO 3512 --- [batch-process] [main] o.apache.catalina.core.StandardEngine    : Starting Servlet engine: [Apache Tomcat/10.1.53]
2026-04-03T22:23:38.548+05:30  INFO 3512 --- [batch-process] [main] o.a.c.c.C.[Tomcat].[localhost].[/]       : Initializing Spring embedded WebApplicationContext
2026-04-03T22:23:38.550+05:30  INFO 3512 --- [batch-process] [main] w.s.c.ServletWebServerApplicationContext : Root WebApplicationContext: initialization completed in 16549 ms
2026-04-03T22:23:39.191+05:30  INFO 3512 --- [batch-process] [main] o.hibernate.jpa.internal.util.LogHelper  : HHH000204: Processing PersistenceUnitInfo [name: default]
2026-04-03T22:23:39.390+05:30  INFO 3512 --- [batch-process] [main] org.hibernate.Version                    : HHH000412: Hibernate ORM core version 6.6.45.Final
2026-04-03T22:23:39.627+05:30  INFO 3512 --- [batch-process] [main] o.h.c.internal.RegionFactoryInitiator    : HHH000026: Second-level cache disabled
2026-04-03T22:23:40.542+05:30  INFO 3512 --- [batch-process] [main] o.s.o.j.p.SpringPersistenceUnitInfo      : No LoadTimeWeaver setup: ignoring JPA class transformer
2026-04-03T22:23:40.650+05:30  INFO 3512 --- [batch-process] [main] com.zaxxer.hikari.HikariDataSource       : HikariPool-1 - Starting...
2026-04-03T22:23:42.584+05:30  INFO 3512 --- [batch-process] [main] com.zaxxer.hikari.pool.HikariPool        : HikariPool-1 - Added connection com.mysql.cj.jdbc.ConnectionImpl@121cf6f4
2026-04-03T22:23:42.587+05:30  INFO 3512 --- [batch-process] [main] com.zaxxer.hikari.HikariDataSource       : HikariPool-1 - Start completed.
2026-04-03T22:23:43.310+05:30  INFO 3512 --- [batch-process] [main] org.hibernate.orm.connections.pooling    : HHH10001005: Database info:
	Database JDBC URL [Connecting through datasource 'HikariDataSource (HikariPool-1)']
	Database driver: undefined/unknown
	Database version: 8.0.44
	Autocommit mode: undefined/unknown
	Isolation level: undefined/unknown
	Minimum pool size: undefined/unknown
	Maximum pool size: undefined/unknown
2026-04-03T22:23:46.061+05:30  INFO 3512 --- [batch-process] [main] o.h.e.t.j.p.i.JtaPlatformInitiator       : HHH000489: No JTA platform available (set 'hibernate.transaction.jta.platform' to enable JTA platform integration)
2026-04-03T22:23:46.274+05:30  INFO 3512 --- [batch-process] [main] j.LocalContainerEntityManagerFactoryBean : Initialized JPA EntityManagerFactory for persistence unit 'default'
2026-04-03T22:23:47.615+05:30  WARN 3512 --- [batch-process] [main] JpaBaseConfiguration$JpaWebConfiguration : spring.jpa.open-in-view is enabled by default. Therefore, database queries may be performed during view rendering. Explicitly configure spring.jpa.open-in-view to disable this warning
2026-04-03T22:23:49.149+05:30  INFO 3512 --- [batch-process] [main] o.s.b.w.embedded.tomcat.TomcatWebServer  : Tomcat started on port 9105 (http) with context path '/'
2026-04-03T22:23:49.349+05:30  INFO 3512 --- [batch-process] [main] o.a.k.clients.consumer.ConsumerConfig    : ConsumerConfig values: 
	allow.auto.create.topics = true
	auto.commit.interval.ms = 5000
	auto.include.jmx.reporter = true
	auto.offset.reset = earliest
	bootstrap.servers = [localhost:9092]
	check.crcs = true
	client.dns.lookup = use_all_dns_ips
	client.id = consumer-file-group-1
	client.rack = 
	connections.max.idle.ms = 540000
	default.api.timeout.ms = 60000
	enable.auto.commit = false
	enable.metrics.push = true
	exclude.internal.topics = true
	fetch.max.bytes = 52428800
	fetch.max.wait.ms = 500
	fetch.min.bytes = 1
	group.id = file-group
	group.instance.id = null
	group.protocol = classic
	group.remote.assignor = null
	heartbeat.interval.ms = 3000
	interceptor.classes = []
	internal.leave.group.on.close = true
	internal.throw.on.fetch.stable.offset.unsupported = false
	isolation.level = read_uncommitted
	key.deserializer = class org.apache.kafka.common.serialization.StringDeserializer
	max.partition.fetch.bytes = 1048576
	max.poll.interval.ms = 300000
	max.poll.records = 500
	metadata.max.age.ms = 300000
	metadata.recovery.strategy = none
	metric.reporters = []
	metrics.num.samples = 2
	metrics.recording.level = INFO
	metrics.sample.window.ms = 30000
	partition.assignment.strategy = [class org.apache.kafka.clients.consumer.RangeAssignor, class org.apache.kafka.clients.consumer.CooperativeStickyAssignor]
	receive.buffer.bytes = 65536
	reconnect.backoff.max.ms = 1000
	reconnect.backoff.ms = 50
	request.timeout.ms = 30000
	retry.backoff.max.ms = 1000
	retry.backoff.ms = 100
	sasl.client.callback.handler.class = null
	sasl.jaas.config = null
	sasl.kerberos.kinit.cmd = /usr/bin/kinit
	sasl.kerberos.min.time.before.relogin = 60000
	sasl.kerberos.service.name = null
	sasl.kerberos.ticket.renew.jitter = 0.05
	sasl.kerberos.ticket.renew.window.factor = 0.8
	sasl.login.callback.handler.class = null
	sasl.login.class = null
	sasl.login.connect.timeout.ms = null
	sasl.login.read.timeout.ms = null
	sasl.login.refresh.buffer.seconds = 300
	sasl.login.refresh.min.period.seconds = 60
	sasl.login.refresh.window.factor = 0.8
	sasl.login.refresh.window.jitter = 0.05
	sasl.login.retry.backoff.max.ms = 10000
	sasl.login.retry.backoff.ms = 100
	sasl.mechanism = GSSAPI
	sasl.oauthbearer.clock.skew.seconds = 30
	sasl.oauthbearer.expected.audience = null
	sasl.oauthbearer.expected.issuer = null
	sasl.oauthbearer.header.urlencode = false
	sasl.oauthbearer.jwks.endpoint.refresh.ms = 3600000
	sasl.oauthbearer.jwks.endpoint.retry.backoff.max.ms = 10000
	sasl.oauthbearer.jwks.endpoint.retry.backoff.ms = 100
	sasl.oauthbearer.jwks.endpoint.url = null
	sasl.oauthbearer.scope.claim.name = scope
	sasl.oauthbearer.sub.claim.name = sub
	sasl.oauthbearer.token.endpoint.url = null
	security.protocol = PLAINTEXT
	security.providers = null
	send.buffer.bytes = 131072
	session.timeout.ms = 45000
	socket.connection.setup.timeout.max.ms = 30000
	socket.connection.setup.timeout.ms = 10000
	ssl.cipher.suites = null
	ssl.enabled.protocols = [TLSv1.2, TLSv1.3]
	ssl.endpoint.identification.algorithm = https
	ssl.engine.factory.class = null
	ssl.key.password = null
	ssl.keymanager.algorithm = SunX509
	ssl.keystore.certificate.chain = null
	ssl.keystore.key = null
	ssl.keystore.location = null
	ssl.keystore.password = null
	ssl.keystore.type = JKS
	ssl.protocol = TLSv1.3
	ssl.provider = null
	ssl.secure.random.implementation = null
	ssl.trustmanager.algorithm = PKIX
	ssl.truststore.certificates = null
	ssl.truststore.location = null
	ssl.truststore.password = null
	ssl.truststore.type = JKS
	value.deserializer = class org.springframework.kafka.support.serializer.JsonDeserializer

2026-04-03T22:23:50.121+05:30  INFO 3512 --- [batch-process] [main] o.a.k.c.t.i.KafkaMetricsCollector        : initializing Kafka metrics collector
2026-04-03T22:23:50.671+05:30  INFO 3512 --- [batch-process] [main] o.a.kafka.common.utils.AppInfoParser     : Kafka version: 3.9.2
2026-04-03T22:23:50.672+05:30  INFO 3512 --- [batch-process] [main] o.a.kafka.common.utils.AppInfoParser     : Kafka commitId: 5e9866f43ab8e7e4
2026-04-03T22:23:50.673+05:30  INFO 3512 --- [batch-process] [main] o.a.kafka.common.utils.AppInfoParser     : Kafka startTimeMs: 1775235230668
2026-04-03T22:23:50.702+05:30  INFO 3512 --- [batch-process] [main] o.a.k.c.c.i.ClassicKafkaConsumer         : [Consumer clientId=consumer-file-group-1, groupId=file-group] Subscribed to topic(s): file-topic
2026-04-03T22:23:50.854+05:30  INFO 3512 --- [batch-process] [main] c.m.b.BatchProcessApplication            : Started BatchProcessApplication in 32.319 seconds (process running for 37.25)
2026-04-03T22:23:52.946+05:30  INFO 3512 --- [batch-process] [org.springframework.kafka.KafkaListenerEndpointContainer#0-0-C-1] org.apache.kafka.clients.Metadata        : [Consumer clientId=consumer-file-group-1, groupId=file-group] Cluster ID: OCN0J3vQQlGPQ093GEoIGQ
2026-04-03T22:23:53.062+05:30  INFO 3512 --- [batch-process] [org.springframework.kafka.KafkaListenerEndpointContainer#0-0-C-1] o.a.k.c.c.internals.ConsumerCoordinator  : [Consumer clientId=consumer-file-group-1, groupId=file-group] Discovered group coordinator localhost:9092 (id: 2147483646 rack: null)
2026-04-03T22:23:53.100+05:30  INFO 3512 --- [batch-process] [org.springframework.kafka.KafkaListenerEndpointContainer#0-0-C-1] o.a.k.c.c.internals.ConsumerCoordinator  : [Consumer clientId=consumer-file-group-1, groupId=file-group] (Re-)joining group
2026-04-03T22:23:53.239+05:30  INFO 3512 --- [batch-process] [org.springframework.kafka.KafkaListenerEndpointContainer#0-0-C-1] o.a.k.c.c.internals.ConsumerCoordinator  : [Consumer clientId=consumer-file-group-1, groupId=file-group] Group coordinator localhost:9092 (id: 2147483646 rack: null) is unavailable or invalid due to cause: error response NOT_COORDINATOR. isDisconnected: false. Rediscovery will be attempted.
2026-04-03T22:23:53.240+05:30  INFO 3512 --- [batch-process] [org.springframework.kafka.KafkaListenerEndpointContainer#0-0-C-1] o.a.k.c.c.internals.ConsumerCoordinator  : [Consumer clientId=consumer-file-group-1, groupId=file-group] Requesting disconnect from last known coordinator localhost:9092 (id: 2147483646 rack: null)
2026-04-03T22:23:53.242+05:30  INFO 3512 --- [batch-process] [org.springframework.kafka.KafkaListenerEndpointContainer#0-0-C-1] o.a.k.c.c.internals.ConsumerCoordinator  : [Consumer clientId=consumer-file-group-1, groupId=file-group] JoinGroup failed: This is not the correct coordinator. Marking coordinator unknown. Sent generation was Generation{generationId=-1, memberId='', protocol='null'}
2026-04-03T22:23:53.243+05:30  INFO 3512 --- [batch-process] [org.springframework.kafka.KafkaListenerEndpointContainer#0-0-C-1] org.apache.kafka.clients.NetworkClient   : [Consumer clientId=consumer-file-group-1, groupId=file-group] Client requested disconnect from node 2147483646
2026-04-03T22:23:53.252+05:30  INFO 3512 --- [batch-process] [org.springframework.kafka.KafkaListenerEndpointContainer#0-0-C-1] o.a.k.c.c.internals.ConsumerCoordinator  : [Consumer clientId=consumer-file-group-1, groupId=file-group] Discovered group coordinator localhost:9092 (id: 2147483646 rack: null)
2026-04-03T22:23:53.252+05:30  INFO 3512 --- [batch-process] [org.springframework.kafka.KafkaListenerEndpointContainer#0-0-C-1] o.a.k.c.c.internals.ConsumerCoordinator  : [Consumer clientId=consumer-file-group-1, groupId=file-group] Group coordinator localhost:9092 (id: 2147483646 rack: null) is unavailable or invalid due to cause: coordinator unavailable. isDisconnected: false. Rediscovery will be attempted.
2026-04-03T22:23:53.253+05:30  INFO 3512 --- [batch-process] [org.springframework.kafka.KafkaListenerEndpointContainer#0-0-C-1] o.a.k.c.c.internals.ConsumerCoordinator  : [Consumer clientId=consumer-file-group-1, groupId=file-group] Requesting disconnect from last known coordinator localhost:9092 (id: 2147483646 rack: null)
2026-04-03T22:23:53.343+05:30  INFO 3512 --- [batch-process] [org.springframework.kafka.KafkaListenerEndpointContainer#0-0-C-1] o.a.k.c.c.internals.ConsumerCoordinator  : [Consumer clientId=consumer-file-group-1, groupId=file-group] Discovered group coordinator localhost:9092 (id: 2147483646 rack: null)
2026-04-03T22:23:53.345+05:30  INFO 3512 --- [batch-process] [org.springframework.kafka.KafkaListenerEndpointContainer#0-0-C-1] o.a.k.c.c.internals.ConsumerCoordinator  : [Consumer clientId=consumer-file-group-1, groupId=file-group] Request joining group due to: rebalance failed due to 'This is not the correct coordinator.' (NotCoordinatorException)
2026-04-03T22:23:53.346+05:30  INFO 3512 --- [batch-process] [org.springframework.kafka.KafkaListenerEndpointContainer#0-0-C-1] o.a.k.c.c.internals.ConsumerCoordinator  : [Consumer clientId=consumer-file-group-1, groupId=file-group] (Re-)joining group
2026-04-03T22:23:53.351+05:30  INFO 3512 --- [batch-process] [org.springframework.kafka.KafkaListenerEndpointContainer#0-0-C-1] o.a.k.c.c.internals.ConsumerCoordinator  : [Consumer clientId=consumer-file-group-1, groupId=file-group] Group coordinator localhost:9092 (id: 2147483646 rack: null) is unavailable or invalid due to cause: error response NOT_COORDINATOR. isDisconnected: false. Rediscovery will be attempted.
2026-04-03T22:23:53.351+05:30  INFO 3512 --- [batch-process] [org.springframework.kafka.KafkaListenerEndpointContainer#0-0-C-1] o.a.k.c.c.internals.ConsumerCoordinator  : [Consumer clientId=consumer-file-group-1, groupId=file-group] Requesting disconnect from last known coordinator localhost:9092 (id: 2147483646 rack: null)
2026-04-03T22:23:53.351+05:30  INFO 3512 --- [batch-process] [org.springframework.kafka.KafkaListenerEndpointContainer#0-0-C-1] o.a.k.c.c.internals.ConsumerCoordinator  : [Consumer clientId=consumer-file-group-1, groupId=file-group] JoinGroup failed: This is not the correct coordinator. Marking coordinator unknown. Sent generation was Generation{generationId=-1, memberId='', protocol='null'}
2026-04-03T22:23:53.352+05:30  INFO 3512 --- [batch-process] [org.springframework.kafka.KafkaListenerEndpointContainer#0-0-C-1] org.apache.kafka.clients.NetworkClient   : [Consumer clientId=consumer-file-group-1, groupId=file-group] Client requested disconnect from node 2147483646
2026-04-03T22:23:53.359+05:30  INFO 3512 --- [batch-process] [org.springframework.kafka.KafkaListenerEndpointContainer#0-0-C-1] o.a.k.c.c.internals.ConsumerCoordinator  : [Consumer clientId=consumer-file-group-1, groupId=file-group] Discovered group coordinator localhost:9092 (id: 2147483646 rack: null)
2026-04-03T22:23:53.360+05:30  INFO 3512 --- [batch-process] [org.springframework.kafka.KafkaListenerEndpointContainer#0-0-C-1] o.a.k.c.c.internals.ConsumerCoordinator  : [Consumer clientId=consumer-file-group-1, groupId=file-group] Group coordinator localhost:9092 (id: 2147483646 rack: null) is unavailable or invalid due to cause: coordinator unavailable. isDisconnected: false. Rediscovery will be attempted.
2026-04-03T22:23:53.360+05:30  INFO 3512 --- [batch-process] [org.springframework.kafka.KafkaListenerEndpointContainer#0-0-C-1] o.a.k.c.c.internals.ConsumerCoordinator  : [Consumer clientId=consumer-file-group-1, groupId=file-group] Requesting disconnect from last known coordinator localhost:9092 (id: 2147483646 rack: null)
2026-04-03T22:23:53.453+05:30  INFO 3512 --- [batch-process] [org.springframework.kafka.KafkaListenerEndpointContainer#0-0-C-1] o.a.k.c.c.internals.ConsumerCoordinator  : [Consumer clientId=consumer-file-group-1, groupId=file-group] Discovered group coordinator localhost:9092 (id: 2147483646 rack: null)
2026-04-03T22:23:53.456+05:30  INFO 3512 --- [batch-process] [org.springframework.kafka.KafkaListenerEndpointContainer#0-0-C-1] o.a.k.c.c.internals.ConsumerCoordinator  : [Consumer clientId=consumer-file-group-1, groupId=file-group] Request joining group due to: rebalance failed due to 'This is not the correct coordinator.' (NotCoordinatorException)
2026-04-03T22:23:53.457+05:30  INFO 3512 --- [batch-process] [org.springframework.kafka.KafkaListenerEndpointContainer#0-0-C-1] o.a.k.c.c.internals.ConsumerCoordinator  : [Consumer clientId=consumer-file-group-1, groupId=file-group] (Re-)joining group
2026-04-03T22:23:53.465+05:30  INFO 3512 --- [batch-process] [org.springframework.kafka.KafkaListenerEndpointContainer#0-0-C-1] o.a.k.c.c.internals.ConsumerCoordinator  : [Consumer clientId=consumer-file-group-1, groupId=file-group] Group coordinator localhost:9092 (id: 2147483646 rack: null) is unavailable or invalid due to cause: error response NOT_COORDINATOR. isDisconnected: false. Rediscovery will be attempted.
2026-04-03T22:23:53.466+05:30  INFO 3512 --- [batch-process] [org.springframework.kafka.KafkaListenerEndpointContainer#0-0-C-1] o.a.k.c.c.internals.ConsumerCoordinator  : [Consumer clientId=consumer-file-group-1, groupId=file-group] Requesting disconnect from last known coordinator localhost:9092 (id: 2147483646 rack: null)
2026-04-03T22:23:53.467+05:30  INFO 3512 --- [batch-process] [org.springframework.kafka.KafkaListenerEndpointContainer#0-0-C-1] o.a.k.c.c.internals.ConsumerCoordinator  : [Consumer clientId=consumer-file-group-1, groupId=file-group] JoinGroup failed: This is not the correct coordinator. Marking coordinator unknown. Sent generation was Generation{generationId=-1, memberId='', protocol='null'}
2026-04-03T22:23:53.467+05:30  INFO 3512 --- [batch-process] [org.springframework.kafka.KafkaListenerEndpointContainer#0-0-C-1] org.apache.kafka.clients.NetworkClient   : [Consumer clientId=consumer-file-group-1, groupId=file-group] Client requested disconnect from node 2147483646
2026-04-03T22:23:53.472+05:30  INFO 3512 --- [batch-process] [org.springframework.kafka.KafkaListenerEndpointContainer#0-0-C-1] o.a.k.c.c.internals.ConsumerCoordinator  : [Consumer clientId=consumer-file-group-1, groupId=file-group] Discovered group coordinator localhost:9092 (id: 2147483646 rack: null)
2026-04-03T22:23:53.474+05:30  INFO 3512 --- [batch-process] [org.springframework.kafka.KafkaListenerEndpointContainer#0-0-C-1] o.a.k.c.c.internals.ConsumerCoordinator  : [Consumer clientId=consumer-file-group-1, groupId=file-group] Group coordinator localhost:9092 (id: 2147483646 rack: null) is unavailable or invalid due to cause: coordinator unavailable. isDisconnected: false. Rediscovery will be attempted.
2026-04-03T22:23:53.475+05:30  INFO 3512 --- [batch-process] [org.springframework.kafka.KafkaListenerEndpointContainer#0-0-C-1] o.a.k.c.c.internals.ConsumerCoordinator  : [Consumer clientId=consumer-file-group-1, groupId=file-group] Requesting disconnect from last known coordinator localhost:9092 (id: 2147483646 rack: null)
2026-04-03T22:23:53.599+05:30  INFO 3512 --- [batch-process] [org.springframework.kafka.KafkaListenerEndpointContainer#0-0-C-1] o.a.k.c.c.internals.ConsumerCoordinator  : [Consumer clientId=consumer-file-group-1, groupId=file-group] Discovered group coordinator localhost:9092 (id: 2147483646 rack: null)
2026-04-03T22:23:53.601+05:30  INFO 3512 --- [batch-process] [org.springframework.kafka.KafkaListenerEndpointContainer#0-0-C-1] o.a.k.c.c.internals.ConsumerCoordinator  : [Consumer clientId=consumer-file-group-1, groupId=file-group] Request joining group due to: rebalance failed due to 'This is not the correct coordinator.' (NotCoordinatorException)
2026-04-03T22:23:53.602+05:30  INFO 3512 --- [batch-process] [org.springframework.kafka.KafkaListenerEndpointContainer#0-0-C-1] o.a.k.c.c.internals.ConsumerCoordinator  : [Consumer clientId=consumer-file-group-1, groupId=file-group] (Re-)joining group
2026-04-03T22:23:53.608+05:30  INFO 3512 --- [batch-process] [org.springframework.kafka.KafkaListenerEndpointContainer#0-0-C-1] o.a.k.c.c.internals.ConsumerCoordinator  : [Consumer clientId=consumer-file-group-1, groupId=file-group] Group coordinator localhost:9092 (id: 2147483646 rack: null) is unavailable or invalid due to cause: error response NOT_COORDINATOR. isDisconnected: false. Rediscovery will be attempted.
2026-04-03T22:23:53.609+05:30  INFO 3512 --- [batch-process] [org.springframework.kafka.KafkaListenerEndpointContainer#0-0-C-1] o.a.k.c.c.internals.ConsumerCoordinator  : [Consumer clientId=consumer-file-group-1, groupId=file-group] Requesting disconnect from last known coordinator localhost:9092 (id: 2147483646 rack: null)
2026-04-03T22:23:53.609+05:30  INFO 3512 --- [batch-process] [org.springframework.kafka.KafkaListenerEndpointContainer#0-0-C-1] o.a.k.c.c.internals.ConsumerCoordinator  : [Consumer clientId=consumer-file-group-1, groupId=file-group] JoinGroup failed: This is not the correct coordinator. Marking coordinator unknown. Sent generation was Generation{generationId=-1, memberId='', protocol='null'}
2026-04-03T22:23:53.609+05:30  INFO 3512 --- [batch-process] [org.springframework.kafka.KafkaListenerEndpointContainer#0-0-C-1] org.apache.kafka.clients.NetworkClient   : [Consumer clientId=consumer-file-group-1, groupId=file-group] Client requested disconnect from node 2147483646
2026-04-03T22:23:53.618+05:30  INFO 3512 --- [batch-process] [org.springframework.kafka.KafkaListenerEndpointContainer#0-0-C-1] o.a.k.c.c.internals.ConsumerCoordinator  : [Consumer clientId=consumer-file-group-1, groupId=file-group] Discovered group coordinator localhost:9092 (id: 2147483646 rack: null)
2026-04-03T22:23:53.619+05:30  INFO 3512 --- [batch-process] [org.springframework.kafka.KafkaListenerEndpointContainer#0-0-C-1] o.a.k.c.c.internals.ConsumerCoordinator  : [Consumer clientId=consumer-file-group-1, groupId=file-group] Group coordinator localhost:9092 (id: 2147483646 rack: null) is unavailable or invalid due to cause: coordinator unavailable. isDisconnected: false. Rediscovery will be attempted.
2026-04-03T22:23:53.619+05:30  INFO 3512 --- [batch-process] [org.springframework.kafka.KafkaListenerEndpointContainer#0-0-C-1] o.a.k.c.c.internals.ConsumerCoordinator  : [Consumer clientId=consumer-file-group-1, groupId=file-group] Requesting disconnect from last known coordinator localhost:9092 (id: 2147483646 rack: null)
2026-04-03T22:23:53.706+05:30  INFO 3512 --- [batch-process] [org.springframework.kafka.KafkaListenerEndpointContainer#0-0-C-1] o.a.k.c.c.internals.ConsumerCoordinator  : [Consumer clientId=consumer-file-group-1, groupId=file-group] Discovered group coordinator localhost:9092 (id: 2147483646 rack: null)
2026-04-03T22:23:53.708+05:30  INFO 3512 --- [batch-process] [org.springframework.kafka.KafkaListenerEndpointContainer#0-0-C-1] o.a.k.c.c.internals.ConsumerCoordinator  : [Consumer clientId=consumer-file-group-1, groupId=file-group] Request joining group due to: rebalance failed due to 'This is not the correct coordinator.' (NotCoordinatorException)
2026-04-03T22:23:53.709+05:30  INFO 3512 --- [batch-process] [org.springframework.kafka.KafkaListenerEndpointContainer#0-0-C-1] o.a.k.c.c.internals.ConsumerCoordinator  : [Consumer clientId=consumer-file-group-1, groupId=file-group] (Re-)joining group
2026-04-03T22:23:53.719+05:30  INFO 3512 --- [batch-process] [org.springframework.kafka.KafkaListenerEndpointContainer#0-0-C-1] o.a.k.c.c.internals.ConsumerCoordinator  : [Consumer clientId=consumer-file-group-1, groupId=file-group] Group coordinator localhost:9092 (id: 2147483646 rack: null) is unavailable or invalid due to cause: error response NOT_COORDINATOR. isDisconnected: false. Rediscovery will be attempted.
2026-04-03T22:23:53.719+05:30  INFO 3512 --- [batch-process] [org.springframework.kafka.KafkaListenerEndpointContainer#0-0-C-1] o.a.k.c.c.internals.ConsumerCoordinator  : [Consumer clientId=consumer-file-group-1, groupId=file-group] Requesting disconnect from last known coordinator localhost:9092 (id: 2147483646 rack: null)
2026-04-03T22:23:53.720+05:30  INFO 3512 --- [batch-process] [org.springframework.kafka.KafkaListenerEndpointContainer#0-0-C-1] o.a.k.c.c.internals.ConsumerCoordinator  : [Consumer clientId=consumer-file-group-1, groupId=file-group] JoinGroup failed: This is not the correct coordinator. Marking coordinator unknown. Sent generation was Generation{generationId=-1, memberId='', protocol='null'}
2026-04-03T22:23:53.723+05:30  INFO 3512 --- [batch-process] [org.springframework.kafka.KafkaListenerEndpointContainer#0-0-C-1] org.apache.kafka.clients.NetworkClient   : [Consumer clientId=consumer-file-group-1, groupId=file-group] Client requested disconnect from node 2147483646
2026-04-03T22:23:53.736+05:30  INFO 3512 --- [batch-process] [org.springframework.kafka.KafkaListenerEndpointContainer#0-0-C-1] o.a.k.c.c.internals.ConsumerCoordinator  : [Consumer clientId=consumer-file-group-1, groupId=file-group] Discovered group coordinator localhost:9092 (id: 2147483646 rack: null)
2026-04-03T22:23:53.737+05:30  INFO 3512 --- [batch-process] [org.springframework.kafka.KafkaListenerEndpointContainer#0-0-C-1] o.a.k.c.c.internals.ConsumerCoordinator  : [Consumer clientId=consumer-file-group-1, groupId=file-group] Group coordinator localhost:9092 (id: 2147483646 rack: null) is unavailable or invalid due to cause: coordinator unavailable. isDisconnected: false. Rediscovery will be attempted.
2026-04-03T22:23:53.738+05:30  INFO 3512 --- [batch-process] [org.springframework.kafka.KafkaListenerEndpointContainer#0-0-C-1] o.a.k.c.c.internals.ConsumerCoordinator  : [Consumer clientId=consumer-file-group-1, groupId=file-group] Requesting disconnect from last known coordinator localhost:9092 (id: 2147483646 rack: null)
2026-04-03T22:23:53.854+05:30  INFO 3512 --- [batch-process] [org.springframework.kafka.KafkaListenerEndpointContainer#0-0-C-1] o.a.k.c.c.internals.ConsumerCoordinator  : [Consumer clientId=consumer-file-group-1, groupId=file-group] Discovered group coordinator localhost:9092 (id: 2147483646 rack: null)
2026-04-03T22:23:53.860+05:30  INFO 3512 --- [batch-process] [org.springframework.kafka.KafkaListenerEndpointContainer#0-0-C-1] o.a.k.c.c.internals.ConsumerCoordinator  : [Consumer clientId=consumer-file-group-1, groupId=file-group] Request joining group due to: rebalance failed due to 'This is not the correct coordinator.' (NotCoordinatorException)
2026-04-03T22:23:53.861+05:30  INFO 3512 --- [batch-process] [org.springframework.kafka.KafkaListenerEndpointContainer#0-0-C-1] o.a.k.c.c.internals.ConsumerCoordinator  : [Consumer clientId=consumer-file-group-1, groupId=file-group] (Re-)joining group
2026-04-03T22:23:53.869+05:30  INFO 3512 --- [batch-process] [org.springframework.kafka.KafkaListenerEndpointContainer#0-0-C-1] o.a.k.c.c.internals.ConsumerCoordinator  : [Consumer clientId=consumer-file-group-1, groupId=file-group] Group coordinator localhost:9092 (id: 2147483646 rack: null) is unavailable or invalid due to cause: error response NOT_COORDINATOR. isDisconnected: false. Rediscovery will be attempted.
2026-04-03T22:23:53.869+05:30  INFO 3512 --- [batch-process] [org.springframework.kafka.KafkaListenerEndpointContainer#0-0-C-1] o.a.k.c.c.internals.ConsumerCoordinator  : [Consumer clientId=consumer-file-group-1, groupId=file-group] Requesting disconnect from last known coordinator localhost:9092 (id: 2147483646 rack: null)
2026-04-03T22:23:53.869+05:30  INFO 3512 --- [batch-process] [org.springframework.kafka.KafkaListenerEndpointContainer#0-0-C-1] o.a.k.c.c.internals.ConsumerCoordinator  : [Consumer clientId=consumer-file-group-1, groupId=file-group] JoinGroup failed: This is not the correct coordinator. Marking coordinator unknown. Sent generation was Generation{generationId=-1, memberId='', protocol='null'}
2026-04-03T22:23:53.870+05:30  INFO 3512 --- [batch-process] [org.springframework.kafka.KafkaListenerEndpointContainer#0-0-C-1] org.apache.kafka.clients.NetworkClient   : [Consumer clientId=consumer-file-group-1, groupId=file-group] Client requested disconnect from node 2147483646
2026-04-03T22:23:53.881+05:30  INFO 3512 --- [batch-process] [org.springframework.kafka.KafkaListenerEndpointContainer#0-0-C-1] o.a.k.c.c.internals.ConsumerCoordinator  : [Consumer clientId=consumer-file-group-1, groupId=file-group] Discovered group coordinator localhost:9092 (id: 2147483646 rack: null)
2026-04-03T22:23:53.882+05:30  INFO 3512 --- [batch-process] [org.springframework.kafka.KafkaListenerEndpointContainer#0-0-C-1] o.a.k.c.c.internals.ConsumerCoordinator  : [Consumer clientId=consumer-file-group-1, groupId=file-group] Group coordinator localhost:9092 (id: 2147483646 rack: null) is unavailable or invalid due to cause: coordinator unavailable. isDisconnected: false. Rediscovery will be attempted.
2026-04-03T22:23:53.883+05:30  INFO 3512 --- [batch-process] [org.springframework.kafka.KafkaListenerEndpointContainer#0-0-C-1] o.a.k.c.c.internals.ConsumerCoordinator  : [Consumer clientId=consumer-file-group-1, groupId=file-group] Requesting disconnect from last known coordinator localhost:9092 (id: 2147483646 rack: null)
2026-04-03T22:23:54.006+05:30  INFO 3512 --- [batch-process] [org.springframework.kafka.KafkaListenerEndpointContainer#0-0-C-1] o.a.k.c.c.internals.ConsumerCoordinator  : [Consumer clientId=consumer-file-group-1, groupId=file-group] Discovered group coordinator localhost:9092 (id: 2147483646 rack: null)
2026-04-03T22:23:54.009+05:30  INFO 3512 --- [batch-process] [org.springframework.kafka.KafkaListenerEndpointContainer#0-0-C-1] o.a.k.c.c.internals.ConsumerCoordinator  : [Consumer clientId=consumer-file-group-1, groupId=file-group] Request joining group due to: rebalance failed due to 'This is not the correct coordinator.' (NotCoordinatorException)
2026-04-03T22:23:54.012+05:30  INFO 3512 --- [batch-process] [org.springframework.kafka.KafkaListenerEndpointContainer#0-0-C-1] o.a.k.c.c.internals.ConsumerCoordinator  : [Consumer clientId=consumer-file-group-1, groupId=file-group] (Re-)joining group
2026-04-03T22:23:54.088+05:30  INFO 3512 --- [batch-process] [org.springframework.kafka.KafkaListenerEndpointContainer#0-0-C-1] o.a.k.c.c.internals.ConsumerCoordinator  : [Consumer clientId=consumer-file-group-1, groupId=file-group] Group coordinator localhost:9092 (id: 2147483646 rack: null) is unavailable or invalid due to cause: error response NOT_COORDINATOR. isDisconnected: false. Rediscovery will be attempted.
2026-04-03T22:23:54.090+05:30  INFO 3512 --- [batch-process] [org.springframework.kafka.KafkaListenerEndpointContainer#0-0-C-1] o.a.k.c.c.internals.ConsumerCoordinator  : [Consumer clientId=consumer-file-group-1, groupId=file-group] Requesting disconnect from last known coordinator localhost:9092 (id: 2147483646 rack: null)
2026-04-03T22:23:54.091+05:30  INFO 3512 --- [batch-process] [org.springframework.kafka.KafkaListenerEndpointContainer#0-0-C-1] o.a.k.c.c.internals.ConsumerCoordinator  : [Consumer clientId=consumer-file-group-1, groupId=file-group] JoinGroup failed: This is not the correct coordinator. Marking coordinator unknown. Sent generation was Generation{generationId=-1, memberId='', protocol='null'}
2026-04-03T22:23:54.091+05:30  INFO 3512 --- [batch-process] [org.springframework.kafka.KafkaListenerEndpointContainer#0-0-C-1] org.apache.kafka.clients.NetworkClient   : [Consumer clientId=consumer-file-group-1, groupId=file-group] Client requested disconnect from node 2147483646
2026-04-03T22:23:54.098+05:30  INFO 3512 --- [batch-process] [org.springframework.kafka.KafkaListenerEndpointContainer#0-0-C-1] o.a.k.c.c.internals.ConsumerCoordinator  : [Consumer clientId=consumer-file-group-1, groupId=file-group] Discovered group coordinator localhost:9092 (id: 2147483646 rack: null)
2026-04-03T22:23:54.100+05:30  INFO 3512 --- [batch-process] [org.springframework.kafka.KafkaListenerEndpointContainer#0-0-C-1] o.a.k.c.c.internals.ConsumerCoordinator  : [Consumer clientId=consumer-file-group-1, groupId=file-group] Group coordinator localhost:9092 (id: 2147483646 rack: null) is unavailable or invalid due to cause: coordinator unavailable. isDisconnected: false. Rediscovery will be attempted.
2026-04-03T22:23:54.101+05:30  INFO 3512 --- [batch-process] [org.springframework.kafka.KafkaListenerEndpointContainer#0-0-C-1] o.a.k.c.c.internals.ConsumerCoordinator  : [Consumer clientId=consumer-file-group-1, groupId=file-group] Requesting disconnect from last known coordinator localhost:9092 (id: 2147483646 rack: null)
2026-04-03T22:23:54.194+05:30  INFO 3512 --- [batch-process] [org.springframework.kafka.KafkaListenerEndpointContainer#0-0-C-1] o.a.k.c.c.internals.ConsumerCoordinator  : [Consumer clientId=consumer-file-group-1, groupId=file-group] Discovered group coordinator localhost:9092 (id: 2147483646 rack: null)
2026-04-03T22:23:54.198+05:30  INFO 3512 --- [batch-process] [org.springframework.kafka.KafkaListenerEndpointContainer#0-0-C-1] o.a.k.c.c.internals.ConsumerCoordinator  : [Consumer clientId=consumer-file-group-1, groupId=file-group] Request joining group due to: rebalance failed due to 'This is not the correct coordinator.' (NotCoordinatorException)
2026-04-03T22:23:54.200+05:30  INFO 3512 --- [batch-process] [org.springframework.kafka.KafkaListenerEndpointContainer#0-0-C-1] o.a.k.c.c.internals.ConsumerCoordinator  : [Consumer clientId=consumer-file-group-1, groupId=file-group] (Re-)joining group
2026-04-03T22:23:54.208+05:30  INFO 3512 --- [batch-process] [org.springframework.kafka.KafkaListenerEndpointContainer#0-0-C-1] o.a.k.c.c.internals.ConsumerCoordinator  : [Consumer clientId=consumer-file-group-1, groupId=file-group] Group coordinator localhost:9092 (id: 2147483646 rack: null) is unavailable or invalid due to cause: error response NOT_COORDINATOR. isDisconnected: false. Rediscovery will be attempted.
2026-04-03T22:23:54.209+05:30  INFO 3512 --- [batch-process] [org.springframework.kafka.KafkaListenerEndpointContainer#0-0-C-1] o.a.k.c.c.internals.ConsumerCoordinator  : [Consumer clientId=consumer-file-group-1, groupId=file-group] Requesting disconnect from last known coordinator localhost:9092 (id: 2147483646 rack: null)
2026-04-03T22:23:54.209+05:30  INFO 3512 --- [batch-process] [org.springframework.kafka.KafkaListenerEndpointContainer#0-0-C-1] o.a.k.c.c.internals.ConsumerCoordinator  : [Consumer clientId=consumer-file-group-1, groupId=file-group] JoinGroup failed: This is not the correct coordinator. Marking coordinator unknown. Sent generation was Generation{generationId=-1, memberId='', protocol='null'}
2026-04-03T22:23:54.210+05:30  INFO 3512 --- [batch-process] [org.springframework.kafka.KafkaListenerEndpointContainer#0-0-C-1] org.apache.kafka.clients.NetworkClient   : [Consumer clientId=consumer-file-group-1, groupId=file-group] Client requested disconnect from node 2147483646
2026-04-03T22:23:54.214+05:30  INFO 3512 --- [batch-process] [org.springframework.kafka.KafkaListenerEndpointContainer#0-0-C-1] o.a.k.c.c.internals.ConsumerCoordinator  : [Consumer clientId=consumer-file-group-1, groupId=file-group] Discovered group coordinator localhost:9092 (id: 2147483646 rack: null)
2026-04-03T22:23:54.214+05:30  INFO 3512 --- [batch-process] [org.springframework.kafka.KafkaListenerEndpointContainer#0-0-C-1] o.a.k.c.c.internals.ConsumerCoordinator  : [Consumer clientId=consumer-file-group-1, groupId=file-group] Group coordinator localhost:9092 (id: 2147483646 rack: null) is unavailable or invalid due to cause: coordinator unavailable. isDisconnected: false. Rediscovery will be attempted.
2026-04-03T22:23:54.214+05:30  INFO 3512 --- [batch-process] [org.springframework.kafka.KafkaListenerEndpointContainer#0-0-C-1] o.a.k.c.c.internals.ConsumerCoordinator  : [Consumer clientId=consumer-file-group-1, groupId=file-group] Requesting disconnect from last known coordinator localhost:9092 (id: 2147483646 rack: null)
2026-04-03T22:23:54.307+05:30  INFO 3512 --- [batch-process] [org.springframework.kafka.KafkaListenerEndpointContainer#0-0-C-1] o.a.k.c.c.internals.ConsumerCoordinator  : [Consumer clientId=consumer-file-group-1, groupId=file-group] Discovered group coordinator localhost:9092 (id: 2147483646 rack: null)
2026-04-03T22:23:54.310+05:30  INFO 3512 --- [batch-process] [org.springframework.kafka.KafkaListenerEndpointContainer#0-0-C-1] o.a.k.c.c.internals.ConsumerCoordinator  : [Consumer clientId=consumer-file-group-1, groupId=file-group] Request joining group due to: rebalance failed due to 'This is not the correct coordinator.' (NotCoordinatorException)
2026-04-03T22:23:54.311+05:30  INFO 3512 --- [batch-process] [org.springframework.kafka.KafkaListenerEndpointContainer#0-0-C-1] o.a.k.c.c.internals.ConsumerCoordinator  : [Consumer clientId=consumer-file-group-1, groupId=file-group] (Re-)joining group
2026-04-03T22:23:54.321+05:30  INFO 3512 --- [batch-process] [org.springframework.kafka.KafkaListenerEndpointContainer#0-0-C-1] o.a.k.c.c.internals.ConsumerCoordinator  : [Consumer clientId=consumer-file-group-1, groupId=file-group] Group coordinator localhost:9092 (id: 2147483646 rack: null) is unavailable or invalid due to cause: error response NOT_COORDINATOR. isDisconnected: false. Rediscovery will be attempted.
2026-04-03T22:23:54.322+05:30  INFO 3512 --- [batch-process] [org.springframework.kafka.KafkaListenerEndpointContainer#0-0-C-1] o.a.k.c.c.internals.ConsumerCoordinator  : [Consumer clientId=consumer-file-group-1, groupId=file-group] Requesting disconnect from last known coordinator localhost:9092 (id: 2147483646 rack: null)
2026-04-03T22:23:54.323+05:30  INFO 3512 --- [batch-process] [org.springframework.kafka.KafkaListenerEndpointContainer#0-0-C-1] o.a.k.c.c.internals.ConsumerCoordinator  : [Consumer clientId=consumer-file-group-1, groupId=file-group] JoinGroup failed: This is not the correct coordinator. Marking coordinator unknown. Sent generation was Generation{generationId=-1, memberId='', protocol='null'}
2026-04-03T22:23:54.324+05:30  INFO 3512 --- [batch-process] [org.springframework.kafka.KafkaListenerEndpointContainer#0-0-C-1] org.apache.kafka.clients.NetworkClient   : [Consumer clientId=consumer-file-group-1, groupId=file-group] Client requested disconnect from node 2147483646
2026-04-03T22:23:54.337+05:30  INFO 3512 --- [batch-process] [org.springframework.kafka.KafkaListenerEndpointContainer#0-0-C-1] o.a.k.c.c.internals.ConsumerCoordinator  : [Consumer clientId=consumer-file-group-1, groupId=file-group] Discovered group coordinator localhost:9092 (id: 2147483646 rack: null)
2026-04-03T22:23:54.337+05:30  INFO 3512 --- [batch-process] [org.springframework.kafka.KafkaListenerEndpointContainer#0-0-C-1] o.a.k.c.c.internals.ConsumerCoordinator  : [Consumer clientId=consumer-file-group-1, groupId=file-group] Group coordinator localhost:9092 (id: 2147483646 rack: null) is unavailable or invalid due to cause: coordinator unavailable. isDisconnected: false. Rediscovery will be attempted.
2026-04-03T22:23:54.343+05:30  INFO 3512 --- [batch-process] [org.springframework.kafka.KafkaListenerEndpointContainer#0-0-C-1] o.a.k.c.c.internals.ConsumerCoordinator  : [Consumer clientId=consumer-file-group-1, groupId=file-group] Requesting disconnect from last known coordinator localhost:9092 (id: 2147483646 rack: null)
2026-04-03T22:23:54.489+05:30  INFO 3512 --- [batch-process] [org.springframework.kafka.KafkaListenerEndpointContainer#0-0-C-1] o.a.k.c.c.internals.ConsumerCoordinator  : [Consumer clientId=consumer-file-group-1, groupId=file-group] Discovered group coordinator localhost:9092 (id: 2147483646 rack: null)
2026-04-03T22:23:54.491+05:30  INFO 3512 --- [batch-process] [org.springframework.kafka.KafkaListenerEndpointContainer#0-0-C-1] o.a.k.c.c.internals.ConsumerCoordinator  : [Consumer clientId=consumer-file-group-1, groupId=file-group] Request joining group due to: rebalance failed due to 'This is not the correct coordinator.' (NotCoordinatorException)
2026-04-03T22:23:54.492+05:30  INFO 3512 --- [batch-process] [org.springframework.kafka.KafkaListenerEndpointContainer#0-0-C-1] o.a.k.c.c.internals.ConsumerCoordinator  : [Consumer clientId=consumer-file-group-1, groupId=file-group] (Re-)joining group
2026-04-03T22:23:54.574+05:30  INFO 3512 --- [batch-process] [org.springframework.kafka.KafkaListenerEndpointContainer#0-0-C-1] o.a.k.c.c.internals.ConsumerCoordinator  : [Consumer clientId=consumer-file-group-1, groupId=file-group] Group coordinator localhost:9092 (id: 2147483646 rack: null) is unavailable or invalid due to cause: error response NOT_COORDINATOR. isDisconnected: false. Rediscovery will be attempted.
2026-04-03T22:23:54.574+05:30  INFO 3512 --- [batch-process] [org.springframework.kafka.KafkaListenerEndpointContainer#0-0-C-1] o.a.k.c.c.internals.ConsumerCoordinator  : [Consumer clientId=consumer-file-group-1, groupId=file-group] Requesting disconnect from last known coordinator localhost:9092 (id: 2147483646 rack: null)
2026-04-03T22:23:54.575+05:30  INFO 3512 --- [batch-process] [org.springframework.kafka.KafkaListenerEndpointContainer#0-0-C-1] o.a.k.c.c.internals.ConsumerCoordinator  : [Consumer clientId=consumer-file-group-1, groupId=file-group] JoinGroup failed: This is not the correct coordinator. Marking coordinator unknown. Sent generation was Generation{generationId=-1, memberId='', protocol='null'}
2026-04-03T22:23:54.576+05:30  INFO 3512 --- [batch-process] [org.springframework.kafka.KafkaListenerEndpointContainer#0-0-C-1] org.apache.kafka.clients.NetworkClient   : [Consumer clientId=consumer-file-group-1, groupId=file-group] Client requested disconnect from node 2147483646
2026-04-03T22:23:54.602+05:30  INFO 3512 --- [batch-process] [org.springframework.kafka.KafkaListenerEndpointContainer#0-0-C-1] o.a.k.c.c.internals.ConsumerCoordinator  : [Consumer clientId=consumer-file-group-1, groupId=file-group] Discovered group coordinator localhost:9092 (id: 2147483646 rack: null)
2026-04-03T22:23:54.602+05:30  INFO 3512 --- [batch-process] [org.springframework.kafka.KafkaListenerEndpointContainer#0-0-C-1] o.a.k.c.c.internals.ConsumerCoordinator  : [Consumer clientId=consumer-file-group-1, groupId=file-group] Group coordinator localhost:9092 (id: 2147483646 rack: null) is unavailable or invalid due to cause: coordinator unavailable. isDisconnected: false. Rediscovery will be attempted.
2026-04-03T22:23:54.603+05:30  INFO 3512 --- [batch-process] [org.springframework.kafka.KafkaListenerEndpointContainer#0-0-C-1] o.a.k.c.c.internals.ConsumerCoordinator  : [Consumer clientId=consumer-file-group-1, groupId=file-group] Requesting disconnect from last known coordinator localhost:9092 (id: 2147483646 rack: null)
2026-04-03T22:23:54.724+05:30  INFO 3512 --- [batch-process] [org.springframework.kafka.KafkaListenerEndpointContainer#0-0-C-1] o.a.k.c.c.internals.ConsumerCoordinator  : [Consumer clientId=consumer-file-group-1, groupId=file-group] Discovered group coordinator localhost:9092 (id: 2147483646 rack: null)
2026-04-03T22:23:54.725+05:30  INFO 3512 --- [batch-process] [org.springframework.kafka.KafkaListenerEndpointContainer#0-0-C-1] o.a.k.c.c.internals.ConsumerCoordinator  : [Consumer clientId=consumer-file-group-1, groupId=file-group] Request joining group due to: rebalance failed due to 'This is not the correct coordinator.' (NotCoordinatorException)
2026-04-03T22:23:54.726+05:30  INFO 3512 --- [batch-process] [org.springframework.kafka.KafkaListenerEndpointContainer#0-0-C-1] o.a.k.c.c.internals.ConsumerCoordinator  : [Consumer clientId=consumer-file-group-1, groupId=file-group] (Re-)joining group
2026-04-03T22:23:54.735+05:30  INFO 3512 --- [batch-process] [org.springframework.kafka.KafkaListenerEndpointContainer#0-0-C-1] o.a.k.c.c.internals.ConsumerCoordinator  : [Consumer clientId=consumer-file-group-1, groupId=file-group] Group coordinator localhost:9092 (id: 2147483646 rack: null) is unavailable or invalid due to cause: error response NOT_COORDINATOR. isDisconnected: false. Rediscovery will be attempted.
2026-04-03T22:23:54.735+05:30  INFO 3512 --- [batch-process] [org.springframework.kafka.KafkaListenerEndpointContainer#0-0-C-1] o.a.k.c.c.internals.ConsumerCoordinator  : [Consumer clientId=consumer-file-group-1, groupId=file-group] Requesting disconnect from last known coordinator localhost:9092 (id: 2147483646 rack: null)
2026-04-03T22:23:54.735+05:30  INFO 3512 --- [batch-process] [org.springframework.kafka.KafkaListenerEndpointContainer#0-0-C-1] o.a.k.c.c.internals.ConsumerCoordinator  : [Consumer clientId=consumer-file-group-1, groupId=file-group] JoinGroup failed: This is not the correct coordinator. Marking coordinator unknown. Sent generation was Generation{generationId=-1, memberId='', protocol='null'}
2026-04-03T22:23:54.736+05:30  INFO 3512 --- [batch-process] [org.springframework.kafka.KafkaListenerEndpointContainer#0-0-C-1] org.apache.kafka.clients.NetworkClient   : [Consumer clientId=consumer-file-group-1, groupId=file-group] Client requested disconnect from node 2147483646
2026-04-03T22:23:54.747+05:30  INFO 3512 --- [batch-process] [org.springframework.kafka.KafkaListenerEndpointContainer#0-0-C-1] o.a.k.c.c.internals.ConsumerCoordinator  : [Consumer clientId=consumer-file-group-1, groupId=file-group] Discovered group coordinator localhost:9092 (id: 2147483646 rack: null)
2026-04-03T22:23:54.748+05:30  INFO 3512 --- [batch-process] [org.springframework.kafka.KafkaListenerEndpointContainer#0-0-C-1] o.a.k.c.c.internals.ConsumerCoordinator  : [Consumer clientId=consumer-file-group-1, groupId=file-group] Group coordinator localhost:9092 (id: 2147483646 rack: null) is unavailable or invalid due to cause: coordinator unavailable. isDisconnected: false. Rediscovery will be attempted.
2026-04-03T22:23:54.749+05:30  INFO 3512 --- [batch-process] [org.springframework.kafka.KafkaListenerEndpointContainer#0-0-C-1] o.a.k.c.c.internals.ConsumerCoordinator  : [Consumer clientId=consumer-file-group-1, groupId=file-group] Requesting disconnect from last known coordinator localhost:9092 (id: 2147483646 rack: null)
2026-04-03T22:23:54.850+05:30  INFO 3512 --- [batch-process] [org.springframework.kafka.KafkaListenerEndpointContainer#0-0-C-1] o.a.k.c.c.internals.ConsumerCoordinator  : [Consumer clientId=consumer-file-group-1, groupId=file-group] Discovered group coordinator localhost:9092 (id: 2147483646 rack: null)
2026-04-03T22:23:54.852+05:30  INFO 3512 --- [batch-process] [org.springframework.kafka.KafkaListenerEndpointContainer#0-0-C-1] o.a.k.c.c.internals.ConsumerCoordinator  : [Consumer clientId=consumer-file-group-1, groupId=file-group] Request joining group due to: rebalance failed due to 'This is not the correct coordinator.' (NotCoordinatorException)
2026-04-03T22:23:54.853+05:30  INFO 3512 --- [batch-process] [org.springframework.kafka.KafkaListenerEndpointContainer#0-0-C-1] o.a.k.c.c.internals.ConsumerCoordinator  : [Consumer clientId=consumer-file-group-1, groupId=file-group] (Re-)joining group
2026-04-03T22:23:54.864+05:30  INFO 3512 --- [batch-process] [org.springframework.kafka.KafkaListenerEndpointContainer#0-0-C-1] o.a.k.c.c.internals.ConsumerCoordinator  : [Consumer clientId=consumer-file-group-1, groupId=file-group] Group coordinator localhost:9092 (id: 2147483646 rack: null) is unavailable or invalid due to cause: error response NOT_COORDINATOR. isDisconnected: false. Rediscovery will be attempted.
2026-04-03T22:23:54.864+05:30  INFO 3512 --- [batch-process] [org.springframework.kafka.KafkaListenerEndpointContainer#0-0-C-1] o.a.k.c.c.internals.ConsumerCoordinator  : [Consumer clientId=consumer-file-group-1, groupId=file-group] Requesting disconnect from last known coordinator localhost:9092 (id: 2147483646 rack: null)
2026-04-03T22:23:54.865+05:30  INFO 3512 --- [batch-process] [org.springframework.kafka.KafkaListenerEndpointContainer#0-0-C-1] o.a.k.c.c.internals.ConsumerCoordinator  : [Consumer clientId=consumer-file-group-1, groupId=file-group] JoinGroup failed: This is not the correct coordinator. Marking coordinator unknown. Sent generation was Generation{generationId=-1, memberId='', protocol='null'}
2026-04-03T22:23:54.865+05:30  INFO 3512 --- [batch-process] [org.springframework.kafka.KafkaListenerEndpointContainer#0-0-C-1] org.apache.kafka.clients.NetworkClient   : [Consumer clientId=consumer-file-group-1, groupId=file-group] Client requested disconnect from node 2147483646
2026-04-03T22:23:54.869+05:30  INFO 3512 --- [batch-process] [org.springframework.kafka.KafkaListenerEndpointContainer#0-0-C-1] o.a.k.c.c.internals.ConsumerCoordinator  : [Consumer clientId=consumer-file-group-1, groupId=file-group] Discovered group coordinator localhost:9092 (id: 2147483646 rack: null)
2026-04-03T22:23:54.870+05:30  INFO 3512 --- [batch-process] [org.springframework.kafka.KafkaListenerEndpointContainer#0-0-C-1] o.a.k.c.c.internals.ConsumerCoordinator  : [Consumer clientId=consumer-file-group-1, groupId=file-group] Group coordinator localhost:9092 (id: 2147483646 rack: null) is unavailable or invalid due to cause: coordinator unavailable. isDisconnected: false. Rediscovery will be attempted.
2026-04-03T22:23:54.870+05:30  INFO 3512 --- [batch-process] [org.springframework.kafka.KafkaListenerEndpointContainer#0-0-C-1] o.a.k.c.c.internals.ConsumerCoordinator  : [Consumer clientId=consumer-file-group-1, groupId=file-group] Requesting disconnect from last known coordinator localhost:9092 (id: 2147483646 rack: null)
2026-04-03T22:23:54.987+05:30  INFO 3512 --- [batch-process] [org.springframework.kafka.KafkaListenerEndpointContainer#0-0-C-1] o.a.k.c.c.internals.ConsumerCoordinator  : [Consumer clientId=consumer-file-group-1, groupId=file-group] Discovered group coordinator localhost:9092 (id: 2147483646 rack: null)
2026-04-03T22:23:54.991+05:30  INFO 3512 --- [batch-process] [org.springframework.kafka.KafkaListenerEndpointContainer#0-0-C-1] o.a.k.c.c.internals.ConsumerCoordinator  : [Consumer clientId=consumer-file-group-1, groupId=file-group] Request joining group due to: rebalance failed due to 'This is not the correct coordinator.' (NotCoordinatorException)
2026-04-03T22:23:54.992+05:30  INFO 3512 --- [batch-process] [org.springframework.kafka.KafkaListenerEndpointContainer#0-0-C-1] o.a.k.c.c.internals.ConsumerCoordinator  : [Consumer clientId=consumer-file-group-1, groupId=file-group] (Re-)joining group
2026-04-03T22:23:54.996+05:30  INFO 3512 --- [batch-process] [org.springframework.kafka.KafkaListenerEndpointContainer#0-0-C-1] o.a.k.c.c.internals.ConsumerCoordinator  : [Consumer clientId=consumer-file-group-1, groupId=file-group] Group coordinator localhost:9092 (id: 2147483646 rack: null) is unavailable or invalid due to cause: error response NOT_COORDINATOR. isDisconnected: false. Rediscovery will be attempted.
2026-04-03T22:23:54.997+05:30  INFO 3512 --- [batch-process] [org.springframework.kafka.KafkaListenerEndpointContainer#0-0-C-1] o.a.k.c.c.internals.ConsumerCoordinator  : [Consumer clientId=consumer-file-group-1, groupId=file-group] Requesting disconnect from last known coordinator localhost:9092 (id: 2147483646 rack: null)
2026-04-03T22:23:54.998+05:30  INFO 3512 --- [batch-process] [org.springframework.kafka.KafkaListenerEndpointContainer#0-0-C-1] o.a.k.c.c.internals.ConsumerCoordinator  : [Consumer clientId=consumer-file-group-1, groupId=file-group] JoinGroup failed: This is not the correct coordinator. Marking coordinator unknown. Sent generation was Generation{generationId=-1, memberId='', protocol='null'}
2026-04-03T22:23:54.998+05:30  INFO 3512 --- [batch-process] [org.springframework.kafka.KafkaListenerEndpointContainer#0-0-C-1] org.apache.kafka.clients.NetworkClient   : [Consumer clientId=consumer-file-group-1, groupId=file-group] Client requested disconnect from node 2147483646
2026-04-03T22:23:55.001+05:30  INFO 3512 --- [batch-process] [org.springframework.kafka.KafkaListenerEndpointContainer#0-0-C-1] o.a.k.c.c.internals.ConsumerCoordinator  : [Consumer clientId=consumer-file-group-1, groupId=file-group] Discovered group coordinator localhost:9092 (id: 2147483646 rack: null)
2026-04-03T22:23:55.001+05:30  INFO 3512 --- [batch-process] [org.springframework.kafka.KafkaListenerEndpointContainer#0-0-C-1] o.a.k.c.c.internals.ConsumerCoordinator  : [Consumer clientId=consumer-file-group-1, groupId=file-group] Group coordinator localhost:9092 (id: 2147483646 rack: null) is unavailable or invalid due to cause: coordinator unavailable. isDisconnected: false. Rediscovery will be attempted.
2026-04-03T22:23:55.002+05:30  INFO 3512 --- [batch-process] [org.springframework.kafka.KafkaListenerEndpointContainer#0-0-C-1] o.a.k.c.c.internals.ConsumerCoordinator  : [Consumer clientId=consumer-file-group-1, groupId=file-group] Requesting disconnect from last known coordinator localhost:9092 (id: 2147483646 rack: null)
2026-04-03T22:23:55.087+05:30  INFO 3512 --- [batch-process] [org.springframework.kafka.KafkaListenerEndpointContainer#0-0-C-1] o.a.k.c.c.internals.ConsumerCoordinator  : [Consumer clientId=consumer-file-group-1, groupId=file-group] Discovered group coordinator localhost:9092 (id: 2147483646 rack: null)
2026-04-03T22:23:55.092+05:30  INFO 3512 --- [batch-process] [org.springframework.kafka.KafkaListenerEndpointContainer#0-0-C-1] o.a.k.c.c.internals.ConsumerCoordinator  : [Consumer clientId=consumer-file-group-1, groupId=file-group] Request joining group due to: rebalance failed due to 'This is not the correct coordinator.' (NotCoordinatorException)
2026-04-03T22:23:55.093+05:30  INFO 3512 --- [batch-process] [org.springframework.kafka.KafkaListenerEndpointContainer#0-0-C-1] o.a.k.c.c.internals.ConsumerCoordinator  : [Consumer clientId=consumer-file-group-1, groupId=file-group] (Re-)joining group
2026-04-03T22:23:55.098+05:30  INFO 3512 --- [batch-process] [org.springframework.kafka.KafkaListenerEndpointContainer#0-0-C-1] o.a.k.c.c.internals.ConsumerCoordinator  : [Consumer clientId=consumer-file-group-1, groupId=file-group] Group coordinator localhost:9092 (id: 2147483646 rack: null) is unavailable or invalid due to cause: error response NOT_COORDINATOR. isDisconnected: false. Rediscovery will be attempted.
2026-04-03T22:23:55.099+05:30  INFO 3512 --- [batch-process] [org.springframework.kafka.KafkaListenerEndpointContainer#0-0-C-1] o.a.k.c.c.internals.ConsumerCoordinator  : [Consumer clientId=consumer-file-group-1, groupId=file-group] Requesting disconnect from last known coordinator localhost:9092 (id: 2147483646 rack: null)
2026-04-03T22:23:55.099+05:30  INFO 3512 --- [batch-process] [org.springframework.kafka.KafkaListenerEndpointContainer#0-0-C-1] o.a.k.c.c.internals.ConsumerCoordinator  : [Consumer clientId=consumer-file-group-1, groupId=file-group] JoinGroup failed: This is not the correct coordinator. Marking coordinator unknown. Sent generation was Generation{generationId=-1, memberId='', protocol='null'}
2026-04-03T22:23:55.099+05:30  INFO 3512 --- [batch-process] [org.springframework.kafka.KafkaListenerEndpointContainer#0-0-C-1] org.apache.kafka.clients.NetworkClient   : [Consumer clientId=consumer-file-group-1, groupId=file-group] Client requested disconnect from node 2147483646
2026-04-03T22:23:55.103+05:30  INFO 3512 --- [batch-process] [org.springframework.kafka.KafkaListenerEndpointContainer#0-0-C-1] o.a.k.c.c.internals.ConsumerCoordinator  : [Consumer clientId=consumer-file-group-1, groupId=file-group] Discovered group coordinator localhost:9092 (id: 2147483646 rack: null)
2026-04-03T22:23:55.103+05:30  INFO 3512 --- [batch-process] [org.springframework.kafka.KafkaListenerEndpointContainer#0-0-C-1] o.a.k.c.c.internals.ConsumerCoordinator  : [Consumer clientId=consumer-file-group-1, groupId=file-group] Group coordinator localhost:9092 (id: 2147483646 rack: null) is unavailable or invalid due to cause: coordinator unavailable. isDisconnected: false. Rediscovery will be attempted.
2026-04-03T22:23:55.104+05:30  INFO 3512 --- [batch-process] [org.springframework.kafka.KafkaListenerEndpointContainer#0-0-C-1] o.a.k.c.c.internals.ConsumerCoordinator  : [Consumer clientId=consumer-file-group-1, groupId=file-group] Requesting disconnect from last known coordinator localhost:9092 (id: 2147483646 rack: null)
2026-04-03T22:23:55.219+05:30  INFO 3512 --- [batch-process] [org.springframework.kafka.KafkaListenerEndpointContainer#0-0-C-1] o.a.k.c.c.internals.ConsumerCoordinator  : [Consumer clientId=consumer-file-group-1, groupId=file-group] Discovered group coordinator localhost:9092 (id: 2147483646 rack: null)
2026-04-03T22:23:55.220+05:30  INFO 3512 --- [batch-process] [org.springframework.kafka.KafkaListenerEndpointContainer#0-0-C-1] o.a.k.c.c.internals.ConsumerCoordinator  : [Consumer clientId=consumer-file-group-1, groupId=file-group] Request joining group due to: rebalance failed due to 'This is not the correct coordinator.' (NotCoordinatorException)
2026-04-03T22:23:55.221+05:30  INFO 3512 --- [batch-process] [org.springframework.kafka.KafkaListenerEndpointContainer#0-0-C-1] o.a.k.c.c.internals.ConsumerCoordinator  : [Consumer clientId=consumer-file-group-1, groupId=file-group] (Re-)joining group
2026-04-03T22:23:55.225+05:30  INFO 3512 --- [batch-process] [org.springframework.kafka.KafkaListenerEndpointContainer#0-0-C-1] o.a.k.c.c.internals.ConsumerCoordinator  : [Consumer clientId=consumer-file-group-1, groupId=file-group] Group coordinator localhost:9092 (id: 2147483646 rack: null) is unavailable or invalid due to cause: error response NOT_COORDINATOR. isDisconnected: false. Rediscovery will be attempted.
2026-04-03T22:23:55.225+05:30  INFO 3512 --- [batch-process] [org.springframework.kafka.KafkaListenerEndpointContainer#0-0-C-1] o.a.k.c.c.internals.ConsumerCoordinator  : [Consumer clientId=consumer-file-group-1, groupId=file-group] Requesting disconnect from last known coordinator localhost:9092 (id: 2147483646 rack: null)
2026-04-03T22:23:55.225+05:30  INFO 3512 --- [batch-process] [org.springframework.kafka.KafkaListenerEndpointContainer#0-0-C-1] o.a.k.c.c.internals.ConsumerCoordinator  : [Consumer clientId=consumer-file-group-1, groupId=file-group] JoinGroup failed: This is not the correct coordinator. Marking coordinator unknown. Sent generation was Generation{generationId=-1, memberId='', protocol='null'}
2026-04-03T22:23:55.226+05:30  INFO 3512 --- [batch-process] [org.springframework.kafka.KafkaListenerEndpointContainer#0-0-C-1] org.apache.kafka.clients.NetworkClient   : [Consumer clientId=consumer-file-group-1, groupId=file-group] Client requested disconnect from node 2147483646
2026-04-03T22:23:55.230+05:30  INFO 3512 --- [batch-process] [org.springframework.kafka.KafkaListenerEndpointContainer#0-0-C-1] o.a.k.c.c.internals.ConsumerCoordinator  : [Consumer clientId=consumer-file-group-1, groupId=file-group] Discovered group coordinator localhost:9092 (id: 2147483646 rack: null)
2026-04-03T22:23:55.230+05:30  INFO 3512 --- [batch-process] [org.springframework.kafka.KafkaListenerEndpointContainer#0-0-C-1] o.a.k.c.c.internals.ConsumerCoordinator  : [Consumer clientId=consumer-file-group-1, groupId=file-group] Group coordinator localhost:9092 (id: 2147483646 rack: null) is unavailable or invalid due to cause: coordinator unavailable. isDisconnected: false. Rediscovery will be attempted.
2026-04-03T22:23:55.230+05:30  INFO 3512 --- [batch-process] [org.springframework.kafka.KafkaListenerEndpointContainer#0-0-C-1] o.a.k.c.c.internals.ConsumerCoordinator  : [Consumer clientId=consumer-file-group-1, groupId=file-group] Requesting disconnect from last known coordinator localhost:9092 (id: 2147483646 rack: null)
2026-04-03T22:23:55.325+05:30  INFO 3512 --- [batch-process] [org.springframework.kafka.KafkaListenerEndpointContainer#0-0-C-1] o.a.k.c.c.internals.ConsumerCoordinator  : [Consumer clientId=consumer-file-group-1, groupId=file-group] Discovered group coordinator localhost:9092 (id: 2147483646 rack: null)
2026-04-03T22:23:55.330+05:30  INFO 3512 --- [batch-process] [org.springframework.kafka.KafkaListenerEndpointContainer#0-0-C-1] o.a.k.c.c.internals.ConsumerCoordinator  : [Consumer clientId=consumer-file-group-1, groupId=file-group] Request joining group due to: rebalance failed due to 'This is not the correct coordinator.' (NotCoordinatorException)
2026-04-03T22:23:55.333+05:30  INFO 3512 --- [batch-process] [org.springframework.kafka.KafkaListenerEndpointContainer#0-0-C-1] o.a.k.c.c.internals.ConsumerCoordinator  : [Consumer clientId=consumer-file-group-1, groupId=file-group] (Re-)joining group
2026-04-03T22:23:55.340+05:30  INFO 3512 --- [batch-process] [org.springframework.kafka.KafkaListenerEndpointContainer#0-0-C-1] o.a.k.c.c.internals.ConsumerCoordinator  : [Consumer clientId=consumer-file-group-1, groupId=file-group] Group coordinator localhost:9092 (id: 2147483646 rack: null) is unavailable or invalid due to cause: error response NOT_COORDINATOR. isDisconnected: false. Rediscovery will be attempted.
2026-04-03T22:23:55.340+05:30  INFO 3512 --- [batch-process] [org.springframework.kafka.KafkaListenerEndpointContainer#0-0-C-1] o.a.k.c.c.internals.ConsumerCoordinator  : [Consumer clientId=consumer-file-group-1, groupId=file-group] Requesting disconnect from last known coordinator localhost:9092 (id: 2147483646 rack: null)
2026-04-03T22:23:55.341+05:30  INFO 3512 --- [batch-process] [org.springframework.kafka.KafkaListenerEndpointContainer#0-0-C-1] o.a.k.c.c.internals.ConsumerCoordinator  : [Consumer clientId=consumer-file-group-1, groupId=file-group] JoinGroup failed: This is not the correct coordinator. Marking coordinator unknown. Sent generation was Generation{generationId=-1, memberId='', protocol='null'}
2026-04-03T22:23:55.341+05:30  INFO 3512 --- [batch-process] [org.springframework.kafka.KafkaListenerEndpointContainer#0-0-C-1] org.apache.kafka.clients.NetworkClient   : [Consumer clientId=consumer-file-group-1, groupId=file-group] Client requested disconnect from node 2147483646
2026-04-03T22:23:55.346+05:30  INFO 3512 --- [batch-process] [org.springframework.kafka.KafkaListenerEndpointContainer#0-0-C-1] o.a.k.c.c.internals.ConsumerCoordinator  : [Consumer clientId=consumer-file-group-1, groupId=file-group] Discovered group coordinator localhost:9092 (id: 2147483646 rack: null)
2026-04-03T22:23:55.346+05:30  INFO 3512 --- [batch-process] [org.springframework.kafka.KafkaListenerEndpointContainer#0-0-C-1] o.a.k.c.c.internals.ConsumerCoordinator  : [Consumer clientId=consumer-file-group-1, groupId=file-group] Group coordinator localhost:9092 (id: 2147483646 rack: null) is unavailable or invalid due to cause: coordinator unavailable. isDisconnected: false. Rediscovery will be attempted.
2026-04-03T22:23:55.347+05:30  INFO 3512 --- [batch-process] [org.springframework.kafka.KafkaListenerEndpointContainer#0-0-C-1] o.a.k.c.c.internals.ConsumerCoordinator  : [Consumer clientId=consumer-file-group-1, groupId=file-group] Requesting disconnect from last known coordinator localhost:9092 (id: 2147483646 rack: null)
2026-04-03T22:23:55.458+05:30  INFO 3512 --- [batch-process] [org.springframework.kafka.KafkaListenerEndpointContainer#0-0-C-1] o.a.k.c.c.internals.ConsumerCoordinator  : [Consumer clientId=consumer-file-group-1, groupId=file-group] Discovered group coordinator localhost:9092 (id: 2147483646 rack: null)
2026-04-03T22:23:55.460+05:30  INFO 3512 --- [batch-process] [org.springframework.kafka.KafkaListenerEndpointContainer#0-0-C-1] o.a.k.c.c.internals.ConsumerCoordinator  : [Consumer clientId=consumer-file-group-1, groupId=file-group] Request joining group due to: rebalance failed due to 'This is not the correct coordinator.' (NotCoordinatorException)
2026-04-03T22:23:55.461+05:30  INFO 3512 --- [batch-process] [org.springframework.kafka.KafkaListenerEndpointContainer#0-0-C-1] o.a.k.c.c.internals.ConsumerCoordinator  : [Consumer clientId=consumer-file-group-1, groupId=file-group] (Re-)joining group
2026-04-03T22:23:55.466+05:30  INFO 3512 --- [batch-process] [org.springframework.kafka.KafkaListenerEndpointContainer#0-0-C-1] o.a.k.c.c.internals.ConsumerCoordinator  : [Consumer clientId=consumer-file-group-1, groupId=file-group] Group coordinator localhost:9092 (id: 2147483646 rack: null) is unavailable or invalid due to cause: error response NOT_COORDINATOR. isDisconnected: false. Rediscovery will be attempted.
2026-04-03T22:23:55.467+05:30  INFO 3512 --- [batch-process] [org.springframework.kafka.KafkaListenerEndpointContainer#0-0-C-1] o.a.k.c.c.internals.ConsumerCoordinator  : [Consumer clientId=consumer-file-group-1, groupId=file-group] Requesting disconnect from last known coordinator localhost:9092 (id: 2147483646 rack: null)
2026-04-03T22:23:55.467+05:30  INFO 3512 --- [batch-process] [org.springframework.kafka.KafkaListenerEndpointContainer#0-0-C-1] o.a.k.c.c.internals.ConsumerCoordinator  : [Consumer clientId=consumer-file-group-1, groupId=file-group] JoinGroup failed: This is not the correct coordinator. Marking coordinator unknown. Sent generation was Generation{generationId=-1, memberId='', protocol='null'}
2026-04-03T22:23:55.468+05:30  INFO 3512 --- [batch-process] [org.springframework.kafka.KafkaListenerEndpointContainer#0-0-C-1] org.apache.kafka.clients.NetworkClient   : [Consumer clientId=consumer-file-group-1, groupId=file-group] Client requested disconnect from node 2147483646
2026-04-03T22:23:55.471+05:30  INFO 3512 --- [batch-process] [org.springframework.kafka.KafkaListenerEndpointContainer#0-0-C-1] o.a.k.c.c.internals.ConsumerCoordinator  : [Consumer clientId=consumer-file-group-1, groupId=file-group] Discovered group coordinator localhost:9092 (id: 2147483646 rack: null)
2026-04-03T22:23:55.471+05:30  INFO 3512 --- [batch-process] [org.springframework.kafka.KafkaListenerEndpointContainer#0-0-C-1] o.a.k.c.c.internals.ConsumerCoordinator  : [Consumer clientId=consumer-file-group-1, groupId=file-group] Group coordinator localhost:9092 (id: 2147483646 rack: null) is unavailable or invalid due to cause: coordinator unavailable. isDisconnected: false. Rediscovery will be attempted.
2026-04-03T22:23:55.471+05:30  INFO 3512 --- [batch-process] [org.springframework.kafka.KafkaListenerEndpointContainer#0-0-C-1] o.a.k.c.c.internals.ConsumerCoordinator  : [Consumer clientId=consumer-file-group-1, groupId=file-group] Requesting disconnect from last known coordinator localhost:9092 (id: 2147483646 rack: null)
2026-04-03T22:23:55.592+05:30  INFO 3512 --- [batch-process] [org.springframework.kafka.KafkaListenerEndpointContainer#0-0-C-1] o.a.k.c.c.internals.ConsumerCoordinator  : [Consumer clientId=consumer-file-group-1, groupId=file-group] Discovered group coordinator localhost:9092 (id: 2147483646 rack: null)
2026-04-03T22:23:55.595+05:30  INFO 3512 --- [batch-process] [org.springframework.kafka.KafkaListenerEndpointContainer#0-0-C-1] o.a.k.c.c.internals.ConsumerCoordinator  : [Consumer clientId=consumer-file-group-1, groupId=file-group] Request joining group due to: rebalance failed due to 'This is not the correct coordinator.' (NotCoordinatorException)
2026-04-03T22:23:55.596+05:30  INFO 3512 --- [batch-process] [org.springframework.kafka.KafkaListenerEndpointContainer#0-0-C-1] o.a.k.c.c.internals.ConsumerCoordinator  : [Consumer clientId=consumer-file-group-1, groupId=file-group] (Re-)joining group
2026-04-03T22:23:55.603+05:30  INFO 3512 --- [batch-process] [org.springframework.kafka.KafkaListenerEndpointContainer#0-0-C-1] o.a.k.c.c.internals.ConsumerCoordinator  : [Consumer clientId=consumer-file-group-1, groupId=file-group] Group coordinator localhost:9092 (id: 2147483646 rack: null) is unavailable or invalid due to cause: error response NOT_COORDINATOR. isDisconnected: false. Rediscovery will be attempted.
2026-04-03T22:23:55.603+05:30  INFO 3512 --- [batch-process] [org.springframework.kafka.KafkaListenerEndpointContainer#0-0-C-1] o.a.k.c.c.internals.ConsumerCoordinator  : [Consumer clientId=consumer-file-group-1, groupId=file-group] Requesting disconnect from last known coordinator localhost:9092 (id: 2147483646 rack: null)
2026-04-03T22:23:55.604+05:30  INFO 3512 --- [batch-process] [org.springframework.kafka.KafkaListenerEndpointContainer#0-0-C-1] o.a.k.c.c.internals.ConsumerCoordinator  : [Consumer clientId=consumer-file-group-1, groupId=file-group] JoinGroup failed: This is not the correct coordinator. Marking coordinator unknown. Sent generation was Generation{generationId=-1, memberId='', protocol='null'}
2026-04-03T22:23:55.604+05:30  INFO 3512 --- [batch-process] [org.springframework.kafka.KafkaListenerEndpointContainer#0-0-C-1] org.apache.kafka.clients.NetworkClient   : [Consumer clientId=consumer-file-group-1, groupId=file-group] Client requested disconnect from node 2147483646
2026-04-03T22:23:55.612+05:30  INFO 3512 --- [batch-process] [org.springframework.kafka.KafkaListenerEndpointContainer#0-0-C-1] o.a.k.c.c.internals.ConsumerCoordinator  : [Consumer clientId=consumer-file-group-1, groupId=file-group] Discovered group coordinator localhost:9092 (id: 2147483646 rack: null)
2026-04-03T22:23:55.612+05:30  INFO 3512 --- [batch-process] [org.springframework.kafka.KafkaListenerEndpointContainer#0-0-C-1] o.a.k.c.c.internals.ConsumerCoordinator  : [Consumer clientId=consumer-file-group-1, groupId=file-group] Group coordinator localhost:9092 (id: 2147483646 rack: null) is unavailable or invalid due to cause: coordinator unavailable. isDisconnected: false. Rediscovery will be attempted.
2026-04-03T22:23:55.612+05:30  INFO 3512 --- [batch-process] [org.springframework.kafka.KafkaListenerEndpointContainer#0-0-C-1] o.a.k.c.c.internals.ConsumerCoordinator  : [Consumer clientId=consumer-file-group-1, groupId=file-group] Requesting disconnect from last known coordinator localhost:9092 (id: 2147483646 rack: null)
2026-04-03T22:23:55.707+05:30  INFO 3512 --- [batch-process] [org.springframework.kafka.KafkaListenerEndpointContainer#0-0-C-1] o.a.k.c.c.internals.ConsumerCoordinator  : [Consumer clientId=consumer-file-group-1, groupId=file-group] Discovered group coordinator localhost:9092 (id: 2147483646 rack: null)
2026-04-03T22:23:55.709+05:30  INFO 3512 --- [batch-process] [org.springframework.kafka.KafkaListenerEndpointContainer#0-0-C-1] o.a.k.c.c.internals.ConsumerCoordinator  : [Consumer clientId=consumer-file-group-1, groupId=file-group] Request joining group due to: rebalance failed due to 'This is not the correct coordinator.' (NotCoordinatorException)
2026-04-03T22:23:55.711+05:30  INFO 3512 --- [batch-process] [org.springframework.kafka.KafkaListenerEndpointContainer#0-0-C-1] o.a.k.c.c.internals.ConsumerCoordinator  : [Consumer clientId=consumer-file-group-1, groupId=file-group] (Re-)joining group
2026-04-03T22:23:55.714+05:30  INFO 3512 --- [batch-process] [org.springframework.kafka.KafkaListenerEndpointContainer#0-0-C-1] o.a.k.c.c.internals.ConsumerCoordinator  : [Consumer clientId=consumer-file-group-1, groupId=file-group] Group coordinator localhost:9092 (id: 2147483646 rack: null) is unavailable or invalid due to cause: error response NOT_COORDINATOR. isDisconnected: false. Rediscovery will be attempted.
2026-04-03T22:23:55.714+05:30  INFO 3512 --- [batch-process] [org.springframework.kafka.KafkaListenerEndpointContainer#0-0-C-1] o.a.k.c.c.internals.ConsumerCoordinator  : [Consumer clientId=consumer-file-group-1, groupId=file-group] Requesting disconnect from last known coordinator localhost:9092 (id: 2147483646 rack: null)
2026-04-03T22:23:55.715+05:30  INFO 3512 --- [batch-process] [org.springframework.kafka.KafkaListenerEndpointContainer#0-0-C-1] o.a.k.c.c.internals.ConsumerCoordinator  : [Consumer clientId=consumer-file-group-1, groupId=file-group] JoinGroup failed: This is not the correct coordinator. Marking coordinator unknown. Sent generation was Generation{generationId=-1, memberId='', protocol='null'}
2026-04-03T22:23:55.715+05:30  INFO 3512 --- [batch-process] [org.springframework.kafka.KafkaListenerEndpointContainer#0-0-C-1] org.apache.kafka.clients.NetworkClient   : [Consumer clientId=consumer-file-group-1, groupId=file-group] Client requested disconnect from node 2147483646
2026-04-03T22:23:55.719+05:30  INFO 3512 --- [batch-process] [org.springframework.kafka.KafkaListenerEndpointContainer#0-0-C-1] o.a.k.c.c.internals.ConsumerCoordinator  : [Consumer clientId=consumer-file-group-1, groupId=file-group] Discovered group coordinator localhost:9092 (id: 2147483646 rack: null)
2026-04-03T22:23:55.720+05:30  INFO 3512 --- [batch-process] [org.springframework.kafka.KafkaListenerEndpointContainer#0-0-C-1] o.a.k.c.c.internals.ConsumerCoordinator  : [Consumer clientId=consumer-file-group-1, groupId=file-group] Group coordinator localhost:9092 (id: 2147483646 rack: null) is unavailable or invalid due to cause: coordinator unavailable. isDisconnected: false. Rediscovery will be attempted.
2026-04-03T22:23:55.720+05:30  INFO 3512 --- [batch-process] [org.springframework.kafka.KafkaListenerEndpointContainer#0-0-C-1] o.a.k.c.c.internals.ConsumerCoordinator  : [Consumer clientId=consumer-file-group-1, groupId=file-group] Requesting disconnect from last known coordinator localhost:9092 (id: 2147483646 rack: null)
2026-04-03T22:23:55.806+05:30  INFO 3512 --- [batch-process] [org.springframework.kafka.KafkaListenerEndpointContainer#0-0-C-1] o.a.k.c.c.internals.ConsumerCoordinator  : [Consumer clientId=consumer-file-group-1, groupId=file-group] Discovered group coordinator localhost:9092 (id: 2147483646 rack: null)
2026-04-03T22:23:55.809+05:30  INFO 3512 --- [batch-process] [org.springframework.kafka.KafkaListenerEndpointContainer#0-0-C-1] o.a.k.c.c.internals.ConsumerCoordinator  : [Consumer clientId=consumer-file-group-1, groupId=file-group] Request joining group due to: rebalance failed due to 'This is not the correct coordinator.' (NotCoordinatorException)
2026-04-03T22:23:55.810+05:30  INFO 3512 --- [batch-process] [org.springframework.kafka.KafkaListenerEndpointContainer#0-0-C-1] o.a.k.c.c.internals.ConsumerCoordinator  : [Consumer clientId=consumer-file-group-1, groupId=file-group] (Re-)joining group
2026-04-03T22:23:55.821+05:30  INFO 3512 --- [batch-process] [org.springframework.kafka.KafkaListenerEndpointContainer#0-0-C-1] o.a.k.c.c.internals.ConsumerCoordinator  : [Consumer clientId=consumer-file-group-1, groupId=file-group] Group coordinator localhost:9092 (id: 2147483646 rack: null) is unavailable or invalid due to cause: error response NOT_COORDINATOR. isDisconnected: false. Rediscovery will be attempted.
2026-04-03T22:23:55.821+05:30  INFO 3512 --- [batch-process] [org.springframework.kafka.KafkaListenerEndpointContainer#0-0-C-1] o.a.k.c.c.internals.ConsumerCoordinator  : [Consumer clientId=consumer-file-group-1, groupId=file-group] Requesting disconnect from last known coordinator localhost:9092 (id: 2147483646 rack: null)
2026-04-03T22:23:55.822+05:30  INFO 3512 --- [batch-process] [org.springframework.kafka.KafkaListenerEndpointContainer#0-0-C-1] o.a.k.c.c.internals.ConsumerCoordinator  : [Consumer clientId=consumer-file-group-1, groupId=file-group] JoinGroup failed: This is not the correct coordinator. Marking coordinator unknown. Sent generation was Generation{generationId=-1, memberId='', protocol='null'}
2026-04-03T22:23:55.826+05:30  INFO 3512 --- [batch-process] [org.springframework.kafka.KafkaListenerEndpointContainer#0-0-C-1] org.apache.kafka.clients.NetworkClient   : [Consumer clientId=consumer-file-group-1, groupId=file-group] Client requested disconnect from node 2147483646
2026-04-03T22:23:55.835+05:30  INFO 3512 --- [batch-process] [org.springframework.kafka.KafkaListenerEndpointContainer#0-0-C-1] o.a.k.c.c.internals.ConsumerCoordinator  : [Consumer clientId=consumer-file-group-1, groupId=file-group] Discovered group coordinator localhost:9092 (id: 2147483646 rack: null)
2026-04-03T22:23:55.835+05:30  INFO 3512 --- [batch-process] [org.springframework.kafka.KafkaListenerEndpointContainer#0-0-C-1] o.a.k.c.c.internals.ConsumerCoordinator  : [Consumer clientId=consumer-file-group-1, groupId=file-group] Group coordinator localhost:9092 (id: 2147483646 rack: null) is unavailable or invalid due to cause: coordinator unavailable. isDisconnected: false. Rediscovery will be attempted.
2026-04-03T22:23:55.835+05:30  INFO 3512 --- [batch-process] [org.springframework.kafka.KafkaListenerEndpointContainer#0-0-C-1] o.a.k.c.c.internals.ConsumerCoordinator  : [Consumer clientId=consumer-file-group-1, groupId=file-group] Requesting disconnect from last known coordinator localhost:9092 (id: 2147483646 rack: null)
2026-04-03T22:23:55.942+05:30  INFO 3512 --- [batch-process] [org.springframework.kafka.KafkaListenerEndpointContainer#0-0-C-1] o.a.k.c.c.internals.ConsumerCoordinator  : [Consumer clientId=consumer-file-group-1, groupId=file-group] Discovered group coordinator localhost:9092 (id: 2147483646 rack: null)
2026-04-03T22:23:55.944+05:30  INFO 3512 --- [batch-process] [org.springframework.kafka.KafkaListenerEndpointContainer#0-0-C-1] o.a.k.c.c.internals.ConsumerCoordinator  : [Consumer clientId=consumer-file-group-1, groupId=file-group] Request joining group due to: rebalance failed due to 'This is not the correct coordinator.' (NotCoordinatorException)
2026-04-03T22:23:55.945+05:30  INFO 3512 --- [batch-process] [org.springframework.kafka.KafkaListenerEndpointContainer#0-0-C-1] o.a.k.c.c.internals.ConsumerCoordinator  : [Consumer clientId=consumer-file-group-1, groupId=file-group] (Re-)joining group
2026-04-03T22:23:55.949+05:30  INFO 3512 --- [batch-process] [org.springframework.kafka.KafkaListenerEndpointContainer#0-0-C-1] o.a.k.c.c.internals.ConsumerCoordinator  : [Consumer clientId=consumer-file-group-1, groupId=file-group] Group coordinator localhost:9092 (id: 2147483646 rack: null) is unavailable or invalid due to cause: error response NOT_COORDINATOR. isDisconnected: false. Rediscovery will be attempted.
2026-04-03T22:23:55.950+05:30  INFO 3512 --- [batch-process] [org.springframework.kafka.KafkaListenerEndpointContainer#0-0-C-1] o.a.k.c.c.internals.ConsumerCoordinator  : [Consumer clientId=consumer-file-group-1, groupId=file-group] Requesting disconnect from last known coordinator localhost:9092 (id: 2147483646 rack: null)
2026-04-03T22:23:55.950+05:30  INFO 3512 --- [batch-process] [org.springframework.kafka.KafkaListenerEndpointContainer#0-0-C-1] o.a.k.c.c.internals.ConsumerCoordinator  : [Consumer clientId=consumer-file-group-1, groupId=file-group] JoinGroup failed: This is not the correct coordinator. Marking coordinator unknown. Sent generation was Generation{generationId=-1, memberId='', protocol='null'}
2026-04-03T22:23:55.950+05:30  INFO 3512 --- [batch-process] [org.springframework.kafka.KafkaListenerEndpointContainer#0-0-C-1] org.apache.kafka.clients.NetworkClient   : [Consumer clientId=consumer-file-group-1, groupId=file-group] Client requested disconnect from node 2147483646
2026-04-03T22:23:55.952+05:30  INFO 3512 --- [batch-process] [org.springframework.kafka.KafkaListenerEndpointContainer#0-0-C-1] o.a.k.c.c.internals.ConsumerCoordinator  : [Consumer clientId=consumer-file-group-1, groupId=file-group] Discovered group coordinator localhost:9092 (id: 2147483646 rack: null)
2026-04-03T22:23:55.953+05:30  INFO 3512 --- [batch-process] [org.springframework.kafka.KafkaListenerEndpointContainer#0-0-C-1] o.a.k.c.c.internals.ConsumerCoordinator  : [Consumer clientId=consumer-file-group-1, groupId=file-group] Group coordinator localhost:9092 (id: 2147483646 rack: null) is unavailable or invalid due to cause: coordinator unavailable. isDisconnected: false. Rediscovery will be attempted.
2026-04-03T22:23:55.953+05:30  INFO 3512 --- [batch-process] [org.springframework.kafka.KafkaListenerEndpointContainer#0-0-C-1] o.a.k.c.c.internals.ConsumerCoordinator  : [Consumer clientId=consumer-file-group-1, groupId=file-group] Requesting disconnect from last known coordinator localhost:9092 (id: 2147483646 rack: null)
2026-04-03T22:23:56.039+05:30  INFO 3512 --- [batch-process] [org.springframework.kafka.KafkaListenerEndpointContainer#0-0-C-1] o.a.k.c.c.internals.ConsumerCoordinator  : [Consumer clientId=consumer-file-group-1, groupId=file-group] Discovered group coordinator localhost:9092 (id: 2147483646 rack: null)
2026-04-03T22:23:56.042+05:30  INFO 3512 --- [batch-process] [org.springframework.kafka.KafkaListenerEndpointContainer#0-0-C-1] o.a.k.c.c.internals.ConsumerCoordinator  : [Consumer clientId=consumer-file-group-1, groupId=file-group] Request joining group due to: rebalance failed due to 'This is not the correct coordinator.' (NotCoordinatorException)
2026-04-03T22:23:56.043+05:30  INFO 3512 --- [batch-process] [org.springframework.kafka.KafkaListenerEndpointContainer#0-0-C-1] o.a.k.c.c.internals.ConsumerCoordinator  : [Consumer clientId=consumer-file-group-1, groupId=file-group] (Re-)joining group
2026-04-03T22:23:56.051+05:30  INFO 3512 --- [batch-process] [org.springframework.kafka.KafkaListenerEndpointContainer#0-0-C-1] o.a.k.c.c.internals.ConsumerCoordinator  : [Consumer clientId=consumer-file-group-1, groupId=file-group] Group coordinator localhost:9092 (id: 2147483646 rack: null) is unavailable or invalid due to cause: error response NOT_COORDINATOR. isDisconnected: false. Rediscovery will be attempted.
2026-04-03T22:23:56.057+05:30  INFO 3512 --- [batch-process] [org.springframework.kafka.KafkaListenerEndpointContainer#0-0-C-1] o.a.k.c.c.internals.ConsumerCoordinator  : [Consumer clientId=consumer-file-group-1, groupId=file-group] Requesting disconnect from last known coordinator localhost:9092 (id: 2147483646 rack: null)
2026-04-03T22:23:56.058+05:30  INFO 3512 --- [batch-process] [org.springframework.kafka.KafkaListenerEndpointContainer#0-0-C-1] o.a.k.c.c.internals.ConsumerCoordinator  : [Consumer clientId=consumer-file-group-1, groupId=file-group] JoinGroup failed: This is not the correct coordinator. Marking coordinator unknown. Sent generation was Generation{generationId=-1, memberId='', protocol='null'}
2026-04-03T22:23:56.058+05:30  INFO 3512 --- [batch-process] [org.springframework.kafka.KafkaListenerEndpointContainer#0-0-C-1] org.apache.kafka.clients.NetworkClient   : [Consumer clientId=consumer-file-group-1, groupId=file-group] Client requested disconnect from node 2147483646
2026-04-03T22:23:56.063+05:30  INFO 3512 --- [batch-process] [org.springframework.kafka.KafkaListenerEndpointContainer#0-0-C-1] o.a.k.c.c.internals.ConsumerCoordinator  : [Consumer clientId=consumer-file-group-1, groupId=file-group] Discovered group coordinator localhost:9092 (id: 2147483646 rack: null)
2026-04-03T22:23:56.064+05:30  INFO 3512 --- [batch-process] [org.springframework.kafka.KafkaListenerEndpointContainer#0-0-C-1] o.a.k.c.c.internals.ConsumerCoordinator  : [Consumer clientId=consumer-file-group-1, groupId=file-group] Group coordinator localhost:9092 (id: 2147483646 rack: null) is unavailable or invalid due to cause: coordinator unavailable. isDisconnected: false. Rediscovery will be attempted.
2026-04-03T22:23:56.064+05:30  INFO 3512 --- [batch-process] [org.springframework.kafka.KafkaListenerEndpointContainer#0-0-C-1] o.a.k.c.c.internals.ConsumerCoordinator  : [Consumer clientId=consumer-file-group-1, groupId=file-group] Requesting disconnect from last known coordinator localhost:9092 (id: 2147483646 rack: null)
2026-04-03T22:23:56.166+05:30  INFO 3512 --- [batch-process] [org.springframework.kafka.KafkaListenerEndpointContainer#0-0-C-1] o.a.k.c.c.internals.ConsumerCoordinator  : [Consumer clientId=consumer-file-group-1, groupId=file-group] Discovered group coordinator localhost:9092 (id: 2147483646 rack: null)
2026-04-03T22:23:56.168+05:30  INFO 3512 --- [batch-process] [org.springframework.kafka.KafkaListenerEndpointContainer#0-0-C-1] o.a.k.c.c.internals.ConsumerCoordinator  : [Consumer clientId=consumer-file-group-1, groupId=file-group] Request joining group due to: rebalance failed due to 'This is not the correct coordinator.' (NotCoordinatorException)
2026-04-03T22:23:56.169+05:30  INFO 3512 --- [batch-process] [org.springframework.kafka.KafkaListenerEndpointContainer#0-0-C-1] o.a.k.c.c.internals.ConsumerCoordinator  : [Consumer clientId=consumer-file-group-1, groupId=file-group] (Re-)joining group
2026-04-03T22:23:56.178+05:30  INFO 3512 --- [batch-process] [org.springframework.kafka.KafkaListenerEndpointContainer#0-0-C-1] o.a.k.c.c.internals.ConsumerCoordinator  : [Consumer clientId=consumer-file-group-1, groupId=file-group] Group coordinator localhost:9092 (id: 2147483646 rack: null) is unavailable or invalid due to cause: error response NOT_COORDINATOR. isDisconnected: false. Rediscovery will be attempted.
2026-04-03T22:23:56.178+05:30  INFO 3512 --- [batch-process] [org.springframework.kafka.KafkaListenerEndpointContainer#0-0-C-1] o.a.k.c.c.internals.ConsumerCoordinator  : [Consumer clientId=consumer-file-group-1, groupId=file-group] Requesting disconnect from last known coordinator localhost:9092 (id: 2147483646 rack: null)
2026-04-03T22:23:56.178+05:30  INFO 3512 --- [batch-process] [org.springframework.kafka.KafkaListenerEndpointContainer#0-0-C-1] o.a.k.c.c.internals.ConsumerCoordinator  : [Consumer clientId=consumer-file-group-1, groupId=file-group] JoinGroup failed: This is not the correct coordinator. Marking coordinator unknown. Sent generation was Generation{generationId=-1, memberId='', protocol='null'}
2026-04-03T22:23:56.179+05:30  INFO 3512 --- [batch-process] [org.springframework.kafka.KafkaListenerEndpointContainer#0-0-C-1] org.apache.kafka.clients.NetworkClient   : [Consumer clientId=consumer-file-group-1, groupId=file-group] Client requested disconnect from node 2147483646
2026-04-03T22:23:56.183+05:30  INFO 3512 --- [batch-process] [org.springframework.kafka.KafkaListenerEndpointContainer#0-0-C-1] o.a.k.c.c.internals.ConsumerCoordinator  : [Consumer clientId=consumer-file-group-1, groupId=file-group] Discovered group coordinator localhost:9092 (id: 2147483646 rack: null)
2026-04-03T22:23:56.184+05:30  INFO 3512 --- [batch-process] [org.springframework.kafka.KafkaListenerEndpointContainer#0-0-C-1] o.a.k.c.c.internals.ConsumerCoordinator  : [Consumer clientId=consumer-file-group-1, groupId=file-group] Group coordinator localhost:9092 (id: 2147483646 rack: null) is unavailable or invalid due to cause: coordinator unavailable. isDisconnected: false. Rediscovery will be attempted.
2026-04-03T22:23:56.184+05:30  INFO 3512 --- [batch-process] [org.springframework.kafka.KafkaListenerEndpointContainer#0-0-C-1] o.a.k.c.c.internals.ConsumerCoordinator  : [Consumer clientId=consumer-file-group-1, groupId=file-group] Requesting disconnect from last known coordinator localhost:9092 (id: 2147483646 rack: null)
2026-04-03T22:23:56.280+05:30  INFO 3512 --- [batch-process] [org.springframework.kafka.KafkaListenerEndpointContainer#0-0-C-1] o.a.k.c.c.internals.ConsumerCoordinator  : [Consumer clientId=consumer-file-group-1, groupId=file-group] Discovered group coordinator localhost:9092 (id: 2147483646 rack: null)
2026-04-03T22:23:56.285+05:30  INFO 3512 --- [batch-process] [org.springframework.kafka.KafkaListenerEndpointContainer#0-0-C-1] o.a.k.c.c.internals.ConsumerCoordinator  : [Consumer clientId=consumer-file-group-1, groupId=file-group] Request joining group due to: rebalance failed due to 'This is not the correct coordinator.' (NotCoordinatorException)
2026-04-03T22:23:56.287+05:30  INFO 3512 --- [batch-process] [org.springframework.kafka.KafkaListenerEndpointContainer#0-0-C-1] o.a.k.c.c.internals.ConsumerCoordinator  : [Consumer clientId=consumer-file-group-1, groupId=file-group] (Re-)joining group
2026-04-03T22:23:56.293+05:30  INFO 3512 --- [batch-process] [org.springframework.kafka.KafkaListenerEndpointContainer#0-0-C-1] o.a.k.c.c.internals.ConsumerCoordinator  : [Consumer clientId=consumer-file-group-1, groupId=file-group] Group coordinator localhost:9092 (id: 2147483646 rack: null) is unavailable or invalid due to cause: error response NOT_COORDINATOR. isDisconnected: false. Rediscovery will be attempted.
2026-04-03T22:23:56.293+05:30  INFO 3512 --- [batch-process] [org.springframework.kafka.KafkaListenerEndpointContainer#0-0-C-1] o.a.k.c.c.internals.ConsumerCoordinator  : [Consumer clientId=consumer-file-group-1, groupId=file-group] Requesting disconnect from last known coordinator localhost:9092 (id: 2147483646 rack: null)
2026-04-03T22:23:56.294+05:30  INFO 3512 --- [batch-process] [org.springframework.kafka.KafkaListenerEndpointContainer#0-0-C-1] o.a.k.c.c.internals.ConsumerCoordinator  : [Consumer clientId=consumer-file-group-1, groupId=file-group] JoinGroup failed: This is not the correct coordinator. Marking coordinator unknown. Sent generation was Generation{generationId=-1, memberId='', protocol='null'}
2026-04-03T22:23:56.294+05:30  INFO 3512 --- [batch-process] [org.springframework.kafka.KafkaListenerEndpointContainer#0-0-C-1] org.apache.kafka.clients.NetworkClient   : [Consumer clientId=consumer-file-group-1, groupId=file-group] Client requested disconnect from node 2147483646
2026-04-03T22:23:56.297+05:30  INFO 3512 --- [batch-process] [org.springframework.kafka.KafkaListenerEndpointContainer#0-0-C-1] o.a.k.c.c.internals.ConsumerCoordinator  : [Consumer clientId=consumer-file-group-1, groupId=file-group] Discovered group coordinator localhost:9092 (id: 2147483646 rack: null)
2026-04-03T22:23:56.297+05:30  INFO 3512 --- [batch-process] [org.springframework.kafka.KafkaListenerEndpointContainer#0-0-C-1] o.a.k.c.c.internals.ConsumerCoordinator  : [Consumer clientId=consumer-file-group-1, groupId=file-group] Group coordinator localhost:9092 (id: 2147483646 rack: null) is unavailable or invalid due to cause: coordinator unavailable. isDisconnected: false. Rediscovery will be attempted.
2026-04-03T22:23:56.297+05:30  INFO 3512 --- [batch-process] [org.springframework.kafka.KafkaListenerEndpointContainer#0-0-C-1] o.a.k.c.c.internals.ConsumerCoordinator  : [Consumer clientId=consumer-file-group-1, groupId=file-group] Requesting disconnect from last known coordinator localhost:9092 (id: 2147483646 rack: null)
2026-04-03T22:23:56.384+05:30  INFO 3512 --- [batch-process] [org.springframework.kafka.KafkaListenerEndpointContainer#0-0-C-1] o.a.k.c.c.internals.ConsumerCoordinator  : [Consumer clientId=consumer-file-group-1, groupId=file-group] Discovered group coordinator localhost:9092 (id: 2147483646 rack: null)
2026-04-03T22:23:56.386+05:30  INFO 3512 --- [batch-process] [org.springframework.kafka.KafkaListenerEndpointContainer#0-0-C-1] o.a.k.c.c.internals.ConsumerCoordinator  : [Consumer clientId=consumer-file-group-1, groupId=file-group] Request joining group due to: rebalance failed due to 'This is not the correct coordinator.' (NotCoordinatorException)
2026-04-03T22:23:56.387+05:30  INFO 3512 --- [batch-process] [org.springframework.kafka.KafkaListenerEndpointContainer#0-0-C-1] o.a.k.c.c.internals.ConsumerCoordinator  : [Consumer clientId=consumer-file-group-1, groupId=file-group] (Re-)joining group
2026-04-03T22:23:56.394+05:30  INFO 3512 --- [batch-process] [org.springframework.kafka.KafkaListenerEndpointContainer#0-0-C-1] o.a.k.c.c.internals.ConsumerCoordinator  : [Consumer clientId=consumer-file-group-1, groupId=file-group] Group coordinator localhost:9092 (id: 2147483646 rack: null) is unavailable or invalid due to cause: error response NOT_COORDINATOR. isDisconnected: false. Rediscovery will be attempted.
2026-04-03T22:23:56.394+05:30  INFO 3512 --- [batch-process] [org.springframework.kafka.KafkaListenerEndpointContainer#0-0-C-1] o.a.k.c.c.internals.ConsumerCoordinator  : [Consumer clientId=consumer-file-group-1, groupId=file-group] Requesting disconnect from last known coordinator localhost:9092 (id: 2147483646 rack: null)
2026-04-03T22:23:56.394+05:30  INFO 3512 --- [batch-process] [org.springframework.kafka.KafkaListenerEndpointContainer#0-0-C-1] o.a.k.c.c.internals.ConsumerCoordinator  : [Consumer clientId=consumer-file-group-1, groupId=file-group] JoinGroup failed: This is not the correct coordinator. Marking coordinator unknown. Sent generation was Generation{generationId=-1, memberId='', protocol='null'}
2026-04-03T22:23:56.394+05:30  INFO 3512 --- [batch-process] [org.springframework.kafka.KafkaListenerEndpointContainer#0-0-C-1] org.apache.kafka.clients.NetworkClient   : [Consumer clientId=consumer-file-group-1, groupId=file-group] Client requested disconnect from node 2147483646
2026-04-03T22:23:56.397+05:30  INFO 3512 --- [batch-process] [org.springframework.kafka.KafkaListenerEndpointContainer#0-0-C-1] o.a.k.c.c.internals.ConsumerCoordinator  : [Consumer clientId=consumer-file-group-1, groupId=file-group] Discovered group coordinator localhost:9092 (id: 2147483646 rack: null)
2026-04-03T22:23:56.398+05:30  INFO 3512 --- [batch-process] [org.springframework.kafka.KafkaListenerEndpointContainer#0-0-C-1] o.a.k.c.c.internals.ConsumerCoordinator  : [Consumer clientId=consumer-file-group-1, groupId=file-group] Group coordinator localhost:9092 (id: 2147483646 rack: null) is unavailable or invalid due to cause: coordinator unavailable. isDisconnected: false. Rediscovery will be attempted.
2026-04-03T22:23:56.398+05:30  INFO 3512 --- [batch-process] [org.springframework.kafka.KafkaListenerEndpointContainer#0-0-C-1] o.a.k.c.c.internals.ConsumerCoordinator  : [Consumer clientId=consumer-file-group-1, groupId=file-group] Requesting disconnect from last known coordinator localhost:9092 (id: 2147483646 rack: null)
2026-04-03T22:23:56.501+05:30  INFO 3512 --- [batch-process] [org.springframework.kafka.KafkaListenerEndpointContainer#0-0-C-1] o.a.k.c.c.internals.ConsumerCoordinator  : [Consumer clientId=consumer-file-group-1, groupId=file-group] Discovered group coordinator localhost:9092 (id: 2147483646 rack: null)
2026-04-03T22:23:56.504+05:30  INFO 3512 --- [batch-process] [org.springframework.kafka.KafkaListenerEndpointContainer#0-0-C-1] o.a.k.c.c.internals.ConsumerCoordinator  : [Consumer clientId=consumer-file-group-1, groupId=file-group] Request joining group due to: rebalance failed due to 'This is not the correct coordinator.' (NotCoordinatorException)
2026-04-03T22:23:56.506+05:30  INFO 3512 --- [batch-process] [org.springframework.kafka.KafkaListenerEndpointContainer#0-0-C-1] o.a.k.c.c.internals.ConsumerCoordinator  : [Consumer clientId=consumer-file-group-1, groupId=file-group] (Re-)joining group
2026-04-03T22:23:56.517+05:30  INFO 3512 --- [batch-process] [org.springframework.kafka.KafkaListenerEndpointContainer#0-0-C-1] o.a.k.c.c.internals.ConsumerCoordinator  : [Consumer clientId=consumer-file-group-1, groupId=file-group] Group coordinator localhost:9092 (id: 2147483646 rack: null) is unavailable or invalid due to cause: error response NOT_COORDINATOR. isDisconnected: false. Rediscovery will be attempted.
2026-04-03T22:23:56.518+05:30  INFO 3512 --- [batch-process] [org.springframework.kafka.KafkaListenerEndpointContainer#0-0-C-1] o.a.k.c.c.internals.ConsumerCoordinator  : [Consumer clientId=consumer-file-group-1, groupId=file-group] Requesting disconnect from last known coordinator localhost:9092 (id: 2147483646 rack: null)
2026-04-03T22:23:56.521+05:30  INFO 3512 --- [batch-process] [org.springframework.kafka.KafkaListenerEndpointContainer#0-0-C-1] o.a.k.c.c.internals.ConsumerCoordinator  : [Consumer clientId=consumer-file-group-1, groupId=file-group] JoinGroup failed: This is not the correct coordinator. Marking coordinator unknown. Sent generation was Generation{generationId=-1, memberId='', protocol='null'}
2026-04-03T22:23:56.522+05:30  INFO 3512 --- [batch-process] [org.springframework.kafka.KafkaListenerEndpointContainer#0-0-C-1] org.apache.kafka.clients.NetworkClient   : [Consumer clientId=consumer-file-group-1, groupId=file-group] Client requested disconnect from node 2147483646
2026-04-03T22:23:56.537+05:30  INFO 3512 --- [batch-process] [org.springframework.kafka.KafkaListenerEndpointContainer#0-0-C-1] o.a.k.c.c.internals.ConsumerCoordinator  : [Consumer clientId=consumer-file-group-1, groupId=file-group] Discovered group coordinator localhost:9092 (id: 2147483646 rack: null)
2026-04-03T22:23:56.538+05:30  INFO 3512 --- [batch-process] [org.springframework.kafka.KafkaListenerEndpointContainer#0-0-C-1] o.a.k.c.c.internals.ConsumerCoordinator  : [Consumer clientId=consumer-file-group-1, groupId=file-group] Group coordinator localhost:9092 (id: 2147483646 rack: null) is unavailable or invalid due to cause: coordinator unavailable. isDisconnected: false. Rediscovery will be attempted.
2026-04-03T22:23:56.539+05:30  INFO 3512 --- [batch-process] [org.springframework.kafka.KafkaListenerEndpointContainer#0-0-C-1] o.a.k.c.c.internals.ConsumerCoordinator  : [Consumer clientId=consumer-file-group-1, groupId=file-group] Requesting disconnect from last known coordinator localhost:9092 (id: 2147483646 rack: null)
2026-04-03T22:23:56.641+05:30  INFO 3512 --- [batch-process] [org.springframework.kafka.KafkaListenerEndpointContainer#0-0-C-1] o.a.k.c.c.internals.ConsumerCoordinator  : [Consumer clientId=consumer-file-group-1, groupId=file-group] Discovered group coordinator localhost:9092 (id: 2147483646 rack: null)
2026-04-03T22:23:56.642+05:30  INFO 3512 --- [batch-process] [org.springframework.kafka.KafkaListenerEndpointContainer#0-0-C-1] o.a.k.c.c.internals.ConsumerCoordinator  : [Consumer clientId=consumer-file-group-1, groupId=file-group] Request joining group due to: rebalance failed due to 'This is not the correct coordinator.' (NotCoordinatorException)
2026-04-03T22:23:56.643+05:30  INFO 3512 --- [batch-process] [org.springframework.kafka.KafkaListenerEndpointContainer#0-0-C-1] o.a.k.c.c.internals.ConsumerCoordinator  : [Consumer clientId=consumer-file-group-1, groupId=file-group] (Re-)joining group
2026-04-03T22:23:56.647+05:30  INFO 3512 --- [batch-process] [org.springframework.kafka.KafkaListenerEndpointContainer#0-0-C-1] o.a.k.c.c.internals.ConsumerCoordinator  : [Consumer clientId=consumer-file-group-1, groupId=file-group] Group coordinator localhost:9092 (id: 2147483646 rack: null) is unavailable or invalid due to cause: error response NOT_COORDINATOR. isDisconnected: false. Rediscovery will be attempted.
2026-04-03T22:23:56.648+05:30  INFO 3512 --- [batch-process] [org.springframework.kafka.KafkaListenerEndpointContainer#0-0-C-1] o.a.k.c.c.internals.ConsumerCoordinator  : [Consumer clientId=consumer-file-group-1, groupId=file-group] Requesting disconnect from last known coordinator localhost:9092 (id: 2147483646 rack: null)
2026-04-03T22:23:56.648+05:30  INFO 3512 --- [batch-process] [org.springframework.kafka.KafkaListenerEndpointContainer#0-0-C-1] o.a.k.c.c.internals.ConsumerCoordinator  : [Consumer clientId=consumer-file-group-1, groupId=file-group] JoinGroup failed: This is not the correct coordinator. Marking coordinator unknown. Sent generation was Generation{generationId=-1, memberId='', protocol='null'}
2026-04-03T22:23:56.649+05:30  INFO 3512 --- [batch-process] [org.springframework.kafka.KafkaListenerEndpointContainer#0-0-C-1] org.apache.kafka.clients.NetworkClient   : [Consumer clientId=consumer-file-group-1, groupId=file-group] Client requested disconnect from node 2147483646
2026-04-03T22:23:56.652+05:30  INFO 3512 --- [batch-process] [org.springframework.kafka.KafkaListenerEndpointContainer#0-0-C-1] o.a.k.c.c.internals.ConsumerCoordinator  : [Consumer clientId=consumer-file-group-1, groupId=file-group] Discovered group coordinator localhost:9092 (id: 2147483646 rack: null)
2026-04-03T22:23:56.652+05:30  INFO 3512 --- [batch-process] [org.springframework.kafka.KafkaListenerEndpointContainer#0-0-C-1] o.a.k.c.c.internals.ConsumerCoordinator  : [Consumer clientId=consumer-file-group-1, groupId=file-group] Group coordinator localhost:9092 (id: 2147483646 rack: null) is unavailable or invalid due to cause: coordinator unavailable. isDisconnected: false. Rediscovery will be attempted.
2026-04-03T22:23:56.652+05:30  INFO 3512 --- [batch-process] [org.springframework.kafka.KafkaListenerEndpointContainer#0-0-C-1] o.a.k.c.c.internals.ConsumerCoordinator  : [Consumer clientId=consumer-file-group-1, groupId=file-group] Requesting disconnect from last known coordinator localhost:9092 (id: 2147483646 rack: null)
2026-04-03T22:23:56.750+05:30  INFO 3512 --- [batch-process] [org.springframework.kafka.KafkaListenerEndpointContainer#0-0-C-1] o.a.k.c.c.internals.ConsumerCoordinator  : [Consumer clientId=consumer-file-group-1, groupId=file-group] Discovered group coordinator localhost:9092 (id: 2147483646 rack: null)
2026-04-03T22:23:56.753+05:30  INFO 3512 --- [batch-process] [org.springframework.kafka.KafkaListenerEndpointContainer#0-0-C-1] o.a.k.c.c.internals.ConsumerCoordinator  : [Consumer clientId=consumer-file-group-1, groupId=file-group] Request joining group due to: rebalance failed due to 'This is not the correct coordinator.' (NotCoordinatorException)
2026-04-03T22:23:56.755+05:30  INFO 3512 --- [batch-process] [org.springframework.kafka.KafkaListenerEndpointContainer#0-0-C-1] o.a.k.c.c.internals.ConsumerCoordinator  : [Consumer clientId=consumer-file-group-1, groupId=file-group] (Re-)joining group
2026-04-03T22:23:56.759+05:30  INFO 3512 --- [batch-process] [org.springframework.kafka.KafkaListenerEndpointContainer#0-0-C-1] o.a.k.c.c.internals.ConsumerCoordinator  : [Consumer clientId=consumer-file-group-1, groupId=file-group] Group coordinator localhost:9092 (id: 2147483646 rack: null) is unavailable or invalid due to cause: error response NOT_COORDINATOR. isDisconnected: false. Rediscovery will be attempted.
2026-04-03T22:23:56.760+05:30  INFO 3512 --- [batch-process] [org.springframework.kafka.KafkaListenerEndpointContainer#0-0-C-1] o.a.k.c.c.internals.ConsumerCoordinator  : [Consumer clientId=consumer-file-group-1, groupId=file-group] Requesting disconnect from last known coordinator localhost:9092 (id: 2147483646 rack: null)
2026-04-03T22:23:56.760+05:30  INFO 3512 --- [batch-process] [org.springframework.kafka.KafkaListenerEndpointContainer#0-0-C-1] o.a.k.c.c.internals.ConsumerCoordinator  : [Consumer clientId=consumer-file-group-1, groupId=file-group] JoinGroup failed: This is not the correct coordinator. Marking coordinator unknown. Sent generation was Generation{generationId=-1, memberId='', protocol='null'}
2026-04-03T22:23:56.760+05:30  INFO 3512 --- [batch-process] [org.springframework.kafka.KafkaListenerEndpointContainer#0-0-C-1] org.apache.kafka.clients.NetworkClient   : [Consumer clientId=consumer-file-group-1, groupId=file-group] Client requested disconnect from node 2147483646
2026-04-03T22:23:56.763+05:30  INFO 3512 --- [batch-process] [org.springframework.kafka.KafkaListenerEndpointContainer#0-0-C-1] o.a.k.c.c.internals.ConsumerCoordinator  : [Consumer clientId=consumer-file-group-1, groupId=file-group] Discovered group coordinator localhost:9092 (id: 2147483646 rack: null)
2026-04-03T22:23:56.764+05:30  INFO 3512 --- [batch-process] [org.springframework.kafka.KafkaListenerEndpointContainer#0-0-C-1] o.a.k.c.c.internals.ConsumerCoordinator  : [Consumer clientId=consumer-file-group-1, groupId=file-group] Group coordinator localhost:9092 (id: 2147483646 rack: null) is unavailable or invalid due to cause: coordinator unavailable. isDisconnected: false. Rediscovery will be attempted.
2026-04-03T22:23:56.764+05:30  INFO 3512 --- [batch-process] [org.springframework.kafka.KafkaListenerEndpointContainer#0-0-C-1] o.a.k.c.c.internals.ConsumerCoordinator  : [Consumer clientId=consumer-file-group-1, groupId=file-group] Requesting disconnect from last known coordinator localhost:9092 (id: 2147483646 rack: null)
2026-04-03T22:23:56.867+05:30  INFO 3512 --- [batch-process] [org.springframework.kafka.KafkaListenerEndpointContainer#0-0-C-1] o.a.k.c.c.internals.ConsumerCoordinator  : [Consumer clientId=consumer-file-group-1, groupId=file-group] Discovered group coordinator localhost:9092 (id: 2147483646 rack: null)
2026-04-03T22:23:56.870+05:30  INFO 3512 --- [batch-process] [org.springframework.kafka.KafkaListenerEndpointContainer#0-0-C-1] o.a.k.c.c.internals.ConsumerCoordinator  : [Consumer clientId=consumer-file-group-1, groupId=file-group] Request joining group due to: rebalance failed due to 'This is not the correct coordinator.' (NotCoordinatorException)
2026-04-03T22:23:56.871+05:30  INFO 3512 --- [batch-process] [org.springframework.kafka.KafkaListenerEndpointContainer#0-0-C-1] o.a.k.c.c.internals.ConsumerCoordinator  : [Consumer clientId=consumer-file-group-1, groupId=file-group] (Re-)joining group
2026-04-03T22:23:56.879+05:30  INFO 3512 --- [batch-process] [org.springframework.kafka.KafkaListenerEndpointContainer#0-0-C-1] o.a.k.c.c.internals.ConsumerCoordinator  : [Consumer clientId=consumer-file-group-1, groupId=file-group] Group coordinator localhost:9092 (id: 2147483646 rack: null) is unavailable or invalid due to cause: error response NOT_COORDINATOR. isDisconnected: false. Rediscovery will be attempted.
2026-04-03T22:23:56.879+05:30  INFO 3512 --- [batch-process] [org.springframework.kafka.KafkaListenerEndpointContainer#0-0-C-1] o.a.k.c.c.internals.ConsumerCoordinator  : [Consumer clientId=consumer-file-group-1, groupId=file-group] Requesting disconnect from last known coordinator localhost:9092 (id: 2147483646 rack: null)
2026-04-03T22:23:56.879+05:30  INFO 3512 --- [batch-process] [org.springframework.kafka.KafkaListenerEndpointContainer#0-0-C-1] o.a.k.c.c.internals.ConsumerCoordinator  : [Consumer clientId=consumer-file-group-1, groupId=file-group] JoinGroup failed: This is not the correct coordinator. Marking coordinator unknown. Sent generation was Generation{generationId=-1, memberId='', protocol='null'}
2026-04-03T22:23:56.880+05:30  INFO 3512 --- [batch-process] [org.springframework.kafka.KafkaListenerEndpointContainer#0-0-C-1] org.apache.kafka.clients.NetworkClient   : [Consumer clientId=consumer-file-group-1, groupId=file-group] Client requested disconnect from node 2147483646
2026-04-03T22:23:56.883+05:30  INFO 3512 --- [batch-process] [org.springframework.kafka.KafkaListenerEndpointContainer#0-0-C-1] o.a.k.c.c.internals.ConsumerCoordinator  : [Consumer clientId=consumer-file-group-1, groupId=file-group] Discovered group coordinator localhost:9092 (id: 2147483646 rack: null)
2026-04-03T22:23:56.883+05:30  INFO 3512 --- [batch-process] [org.springframework.kafka.KafkaListenerEndpointContainer#0-0-C-1] o.a.k.c.c.internals.ConsumerCoordinator  : [Consumer clientId=consumer-file-group-1, groupId=file-group] Group coordinator localhost:9092 (id: 2147483646 rack: null) is unavailable or invalid due to cause: coordinator unavailable. isDisconnected: false. Rediscovery will be attempted.
2026-04-03T22:23:56.883+05:30  INFO 3512 --- [batch-process] [org.springframework.kafka.KafkaListenerEndpointContainer#0-0-C-1] o.a.k.c.c.internals.ConsumerCoordinator  : [Consumer clientId=consumer-file-group-1, groupId=file-group] Requesting disconnect from last known coordinator localhost:9092 (id: 2147483646 rack: null)
2026-04-03T22:23:56.997+05:30  INFO 3512 --- [batch-process] [org.springframework.kafka.KafkaListenerEndpointContainer#0-0-C-1] o.a.k.c.c.internals.ConsumerCoordinator  : [Consumer clientId=consumer-file-group-1, groupId=file-group] Discovered group coordinator localhost:9092 (id: 2147483646 rack: null)
2026-04-03T22:23:57.001+05:30  INFO 3512 --- [batch-process] [org.springframework.kafka.KafkaListenerEndpointContainer#0-0-C-1] o.a.k.c.c.internals.ConsumerCoordinator  : [Consumer clientId=consumer-file-group-1, groupId=file-group] Request joining group due to: rebalance failed due to 'This is not the correct coordinator.' (NotCoordinatorException)
2026-04-03T22:23:57.003+05:30  INFO 3512 --- [batch-process] [org.springframework.kafka.KafkaListenerEndpointContainer#0-0-C-1] o.a.k.c.c.internals.ConsumerCoordinator  : [Consumer clientId=consumer-file-group-1, groupId=file-group] (Re-)joining group
2026-04-03T22:23:57.014+05:30  INFO 3512 --- [batch-process] [org.springframework.kafka.KafkaListenerEndpointContainer#0-0-C-1] o.a.k.c.c.internals.ConsumerCoordinator  : [Consumer clientId=consumer-file-group-1, groupId=file-group] Group coordinator localhost:9092 (id: 2147483646 rack: null) is unavailable or invalid due to cause: error response NOT_COORDINATOR. isDisconnected: false. Rediscovery will be attempted.
2026-04-03T22:23:57.014+05:30  INFO 3512 --- [batch-process] [org.springframework.kafka.KafkaListenerEndpointContainer#0-0-C-1] o.a.k.c.c.internals.ConsumerCoordinator  : [Consumer clientId=consumer-file-group-1, groupId=file-group] Requesting disconnect from last known coordinator localhost:9092 (id: 2147483646 rack: null)
2026-04-03T22:23:57.015+05:30  INFO 3512 --- [batch-process] [org.springframework.kafka.KafkaListenerEndpointContainer#0-0-C-1] o.a.k.c.c.internals.ConsumerCoordinator  : [Consumer clientId=consumer-file-group-1, groupId=file-group] JoinGroup failed: This is not the correct coordinator. Marking coordinator unknown. Sent generation was Generation{generationId=-1, memberId='', protocol='null'}
2026-04-03T22:23:57.015+05:30  INFO 3512 --- [batch-process] [org.springframework.kafka.KafkaListenerEndpointContainer#0-0-C-1] org.apache.kafka.clients.NetworkClient   : [Consumer clientId=consumer-file-group-1, groupId=file-group] Client requested disconnect from node 2147483646
2026-04-03T22:23:57.017+05:30  INFO 3512 --- [batch-process] [org.springframework.kafka.KafkaListenerEndpointContainer#0-0-C-1] o.a.k.c.c.internals.ConsumerCoordinator  : [Consumer clientId=consumer-file-group-1, groupId=file-group] Discovered group coordinator localhost:9092 (id: 2147483646 rack: null)
2026-04-03T22:23:57.017+05:30  INFO 3512 --- [batch-process] [org.springframework.kafka.KafkaListenerEndpointContainer#0-0-C-1] o.a.k.c.c.internals.ConsumerCoordinator  : [Consumer clientId=consumer-file-group-1, groupId=file-group] Group coordinator localhost:9092 (id: 2147483646 rack: null) is unavailable or invalid due to cause: coordinator unavailable. isDisconnected: false. Rediscovery will be attempted.
2026-04-03T22:23:57.017+05:30  INFO 3512 --- [batch-process] [org.springframework.kafka.KafkaListenerEndpointContainer#0-0-C-1] o.a.k.c.c.internals.ConsumerCoordinator  : [Consumer clientId=consumer-file-group-1, groupId=file-group] Requesting disconnect from last known coordinator localhost:9092 (id: 2147483646 rack: null)
2026-04-03T22:23:57.115+05:30  INFO 3512 --- [batch-process] [org.springframework.kafka.KafkaListenerEndpointContainer#0-0-C-1] o.a.k.c.c.internals.ConsumerCoordinator  : [Consumer clientId=consumer-file-group-1, groupId=file-group] Discovered group coordinator localhost:9092 (id: 2147483646 rack: null)
2026-04-03T22:23:57.118+05:30  INFO 3512 --- [batch-process] [org.springframework.kafka.KafkaListenerEndpointContainer#0-0-C-1] o.a.k.c.c.internals.ConsumerCoordinator  : [Consumer clientId=consumer-file-group-1, groupId=file-group] Request joining group due to: rebalance failed due to 'This is not the correct coordinator.' (NotCoordinatorException)
2026-04-03T22:23:57.119+05:30  INFO 3512 --- [batch-process] [org.springframework.kafka.KafkaListenerEndpointContainer#0-0-C-1] o.a.k.c.c.internals.ConsumerCoordinator  : [Consumer clientId=consumer-file-group-1, groupId=file-group] (Re-)joining group
2026-04-03T22:23:57.132+05:30  INFO 3512 --- [batch-process] [org.springframework.kafka.KafkaListenerEndpointContainer#0-0-C-1] o.a.k.c.c.internals.ConsumerCoordinator  : [Consumer clientId=consumer-file-group-1, groupId=file-group] Group coordinator localhost:9092 (id: 2147483646 rack: null) is unavailable or invalid due to cause: error response NOT_COORDINATOR. isDisconnected: false. Rediscovery will be attempted.
2026-04-03T22:23:57.133+05:30  INFO 3512 --- [batch-process] [org.springframework.kafka.KafkaListenerEndpointContainer#0-0-C-1] o.a.k.c.c.internals.ConsumerCoordinator  : [Consumer clientId=consumer-file-group-1, groupId=file-group] Requesting disconnect from last known coordinator localhost:9092 (id: 2147483646 rack: null)
2026-04-03T22:23:57.133+05:30  INFO 3512 --- [batch-process] [org.springframework.kafka.KafkaListenerEndpointContainer#0-0-C-1] o.a.k.c.c.internals.ConsumerCoordinator  : [Consumer clientId=consumer-file-group-1, groupId=file-group] JoinGroup failed: This is not the correct coordinator. Marking coordinator unknown. Sent generation was Generation{generationId=-1, memberId='', protocol='null'}
2026-04-03T22:23:57.134+05:30  INFO 3512 --- [batch-process] [org.springframework.kafka.KafkaListenerEndpointContainer#0-0-C-1] org.apache.kafka.clients.NetworkClient   : [Consumer clientId=consumer-file-group-1, groupId=file-group] Client requested disconnect from node 2147483646
2026-04-03T22:23:57.139+05:30  INFO 3512 --- [batch-process] [org.springframework.kafka.KafkaListenerEndpointContainer#0-0-C-1] o.a.k.c.c.internals.ConsumerCoordinator  : [Consumer clientId=consumer-file-group-1, groupId=file-group] Discovered group coordinator localhost:9092 (id: 2147483646 rack: null)
2026-04-03T22:23:57.139+05:30  INFO 3512 --- [batch-process] [org.springframework.kafka.KafkaListenerEndpointContainer#0-0-C-1] o.a.k.c.c.internals.ConsumerCoordinator  : [Consumer clientId=consumer-file-group-1, groupId=file-group] Group coordinator localhost:9092 (id: 2147483646 rack: null) is unavailable or invalid due to cause: coordinator unavailable. isDisconnected: false. Rediscovery will be attempted.
2026-04-03T22:23:57.140+05:30  INFO 3512 --- [batch-process] [org.springframework.kafka.KafkaListenerEndpointContainer#0-0-C-1] o.a.k.c.c.internals.ConsumerCoordinator  : [Consumer clientId=consumer-file-group-1, groupId=file-group] Requesting disconnect from last known coordinator localhost:9092 (id: 2147483646 rack: null)
2026-04-03T22:23:57.234+05:30  INFO 3512 --- [batch-process] [org.springframework.kafka.KafkaListenerEndpointContainer#0-0-C-1] o.a.k.c.c.internals.ConsumerCoordinator  : [Consumer clientId=consumer-file-group-1, groupId=file-group] Discovered group coordinator localhost:9092 (id: 2147483646 rack: null)
2026-04-03T22:23:57.235+05:30  INFO 3512 --- [batch-process] [org.springframework.kafka.KafkaListenerEndpointContainer#0-0-C-1] o.a.k.c.c.internals.ConsumerCoordinator  : [Consumer clientId=consumer-file-group-1, groupId=file-group] Request joining group due to: rebalance failed due to 'This is not the correct coordinator.' (NotCoordinatorException)
2026-04-03T22:23:57.236+05:30  INFO 3512 --- [batch-process] [org.springframework.kafka.KafkaListenerEndpointContainer#0-0-C-1] o.a.k.c.c.internals.ConsumerCoordinator  : [Consumer clientId=consumer-file-group-1, groupId=file-group] (Re-)joining group
2026-04-03T22:23:57.240+05:30  INFO 3512 --- [batch-process] [org.springframework.kafka.KafkaListenerEndpointContainer#0-0-C-1] o.a.k.c.c.internals.ConsumerCoordinator  : [Consumer clientId=consumer-file-group-1, groupId=file-group] Group coordinator localhost:9092 (id: 2147483646 rack: null) is unavailable or invalid due to cause: error response NOT_COORDINATOR. isDisconnected: false. Rediscovery will be attempted.
2026-04-03T22:23:57.240+05:30  INFO 3512 --- [batch-process] [org.springframework.kafka.KafkaListenerEndpointContainer#0-0-C-1] o.a.k.c.c.internals.ConsumerCoordinator  : [Consumer clientId=consumer-file-group-1, groupId=file-group] Requesting disconnect from last known coordinator localhost:9092 (id: 2147483646 rack: null)
2026-04-03T22:23:57.240+05:30  INFO 3512 --- [batch-process] [org.springframework.kafka.KafkaListenerEndpointContainer#0-0-C-1] o.a.k.c.c.internals.ConsumerCoordinator  : [Consumer clientId=consumer-file-group-1, groupId=file-group] JoinGroup failed: This is not the correct coordinator. Marking coordinator unknown. Sent generation was Generation{generationId=-1, memberId='', protocol='null'}
2026-04-03T22:23:57.240+05:30  INFO 3512 --- [batch-process] [org.springframework.kafka.KafkaListenerEndpointContainer#0-0-C-1] org.apache.kafka.clients.NetworkClient   : [Consumer clientId=consumer-file-group-1, groupId=file-group] Client requested disconnect from node 2147483646
2026-04-03T22:23:57.243+05:30  INFO 3512 --- [batch-process] [org.springframework.kafka.KafkaListenerEndpointContainer#0-0-C-1] o.a.k.c.c.internals.ConsumerCoordinator  : [Consumer clientId=consumer-file-group-1, groupId=file-group] Discovered group coordinator localhost:9092 (id: 2147483646 rack: null)
2026-04-03T22:23:57.243+05:30  INFO 3512 --- [batch-process] [org.springframework.kafka.KafkaListenerEndpointContainer#0-0-C-1] o.a.k.c.c.internals.ConsumerCoordinator  : [Consumer clientId=consumer-file-group-1, groupId=file-group] Group coordinator localhost:9092 (id: 2147483646 rack: null) is unavailable or invalid due to cause: coordinator unavailable. isDisconnected: false. Rediscovery will be attempted.
2026-04-03T22:23:57.244+05:30  INFO 3512 --- [batch-process] [org.springframework.kafka.KafkaListenerEndpointContainer#0-0-C-1] o.a.k.c.c.internals.ConsumerCoordinator  : [Consumer clientId=consumer-file-group-1, groupId=file-group] Requesting disconnect from last known coordinator localhost:9092 (id: 2147483646 rack: null)
2026-04-03T22:23:57.351+05:30  INFO 3512 --- [batch-process] [org.springframework.kafka.KafkaListenerEndpointContainer#0-0-C-1] o.a.k.c.c.internals.ConsumerCoordinator  : [Consumer clientId=consumer-file-group-1, groupId=file-group] Discovered group coordinator localhost:9092 (id: 2147483646 rack: null)
2026-04-03T22:23:57.356+05:30  INFO 3512 --- [batch-process] [org.springframework.kafka.KafkaListenerEndpointContainer#0-0-C-1] o.a.k.c.c.internals.ConsumerCoordinator  : [Consumer clientId=consumer-file-group-1, groupId=file-group] Request joining group due to: rebalance failed due to 'This is not the correct coordinator.' (NotCoordinatorException)
2026-04-03T22:23:57.358+05:30  INFO 3512 --- [batch-process] [org.springframework.kafka.KafkaListenerEndpointContainer#0-0-C-1] o.a.k.c.c.internals.ConsumerCoordinator  : [Consumer clientId=consumer-file-group-1, groupId=file-group] (Re-)joining group
2026-04-03T22:23:57.369+05:30  INFO 3512 --- [batch-process] [org.springframework.kafka.KafkaListenerEndpointContainer#0-0-C-1] o.a.k.c.c.internals.ConsumerCoordinator  : [Consumer clientId=consumer-file-group-1, groupId=file-group] Group coordinator localhost:9092 (id: 2147483646 rack: null) is unavailable or invalid due to cause: error response NOT_COORDINATOR. isDisconnected: false. Rediscovery will be attempted.
2026-04-03T22:23:57.369+05:30  INFO 3512 --- [batch-process] [org.springframework.kafka.KafkaListenerEndpointContainer#0-0-C-1] o.a.k.c.c.internals.ConsumerCoordinator  : [Consumer clientId=consumer-file-group-1, groupId=file-group] Requesting disconnect from last known coordinator localhost:9092 (id: 2147483646 rack: null)
2026-04-03T22:23:57.370+05:30  INFO 3512 --- [batch-process] [org.springframework.kafka.KafkaListenerEndpointContainer#0-0-C-1] o.a.k.c.c.internals.ConsumerCoordinator  : [Consumer clientId=consumer-file-group-1, groupId=file-group] JoinGroup failed: This is not the correct coordinator. Marking coordinator unknown. Sent generation was Generation{generationId=-1, memberId='', protocol='null'}
2026-04-03T22:23:57.370+05:30  INFO 3512 --- [batch-process] [org.springframework.kafka.KafkaListenerEndpointContainer#0-0-C-1] org.apache.kafka.clients.NetworkClient   : [Consumer clientId=consumer-file-group-1, groupId=file-group] Client requested disconnect from node 2147483646
2026-04-03T22:23:57.377+05:30  INFO 3512 --- [batch-process] [org.springframework.kafka.KafkaListenerEndpointContainer#0-0-C-1] o.a.k.c.c.internals.ConsumerCoordinator  : [Consumer clientId=consumer-file-group-1, groupId=file-group] Discovered group coordinator localhost:9092 (id: 2147483646 rack: null)
2026-04-03T22:23:57.377+05:30  INFO 3512 --- [batch-process] [org.springframework.kafka.KafkaListenerEndpointContainer#0-0-C-1] o.a.k.c.c.internals.ConsumerCoordinator  : [Consumer clientId=consumer-file-group-1, groupId=file-group] Group coordinator localhost:9092 (id: 2147483646 rack: null) is unavailable or invalid due to cause: coordinator unavailable. isDisconnected: false. Rediscovery will be attempted.
2026-04-03T22:23:57.377+05:30  INFO 3512 --- [batch-process] [org.springframework.kafka.KafkaListenerEndpointContainer#0-0-C-1] o.a.k.c.c.internals.ConsumerCoordinator  : [Consumer clientId=consumer-file-group-1, groupId=file-group] Requesting disconnect from last known coordinator localhost:9092 (id: 2147483646 rack: null)
2026-04-03T22:23:57.481+05:30  INFO 3512 --- [batch-process] [org.springframework.kafka.KafkaListenerEndpointContainer#0-0-C-1] o.a.k.c.c.internals.ConsumerCoordinator  : [Consumer clientId=consumer-file-group-1, groupId=file-group] Discovered group coordinator localhost:9092 (id: 2147483646 rack: null)
2026-04-03T22:23:57.485+05:30  INFO 3512 --- [batch-process] [org.springframework.kafka.KafkaListenerEndpointContainer#0-0-C-1] o.a.k.c.c.internals.ConsumerCoordinator  : [Consumer clientId=consumer-file-group-1, groupId=file-group] Request joining group due to: rebalance failed due to 'This is not the correct coordinator.' (NotCoordinatorException)
2026-04-03T22:23:57.487+05:30  INFO 3512 --- [batch-process] [org.springframework.kafka.KafkaListenerEndpointContainer#0-0-C-1] o.a.k.c.c.internals.ConsumerCoordinator  : [Consumer clientId=consumer-file-group-1, groupId=file-group] (Re-)joining group
2026-04-03T22:23:57.508+05:30  INFO 3512 --- [batch-process] [org.springframework.kafka.KafkaListenerEndpointContainer#0-0-C-1] o.a.k.c.c.internals.ConsumerCoordinator  : [Consumer clientId=consumer-file-group-1, groupId=file-group] Group coordinator localhost:9092 (id: 2147483646 rack: null) is unavailable or invalid due to cause: error response NOT_COORDINATOR. isDisconnected: false. Rediscovery will be attempted.
2026-04-03T22:23:57.510+05:30  INFO 3512 --- [batch-process] [org.springframework.kafka.KafkaListenerEndpointContainer#0-0-C-1] o.a.k.c.c.internals.ConsumerCoordinator  : [Consumer clientId=consumer-file-group-1, groupId=file-group] Requesting disconnect from last known coordinator localhost:9092 (id: 2147483646 rack: null)
2026-04-03T22:23:57.510+05:30  INFO 3512 --- [batch-process] [org.springframework.kafka.KafkaListenerEndpointContainer#0-0-C-1] o.a.k.c.c.internals.ConsumerCoordinator  : [Consumer clientId=consumer-file-group-1, groupId=file-group] JoinGroup failed: This is not the correct coordinator. Marking coordinator unknown. Sent generation was Generation{generationId=-1, memberId='', protocol='null'}
2026-04-03T22:23:57.511+05:30  INFO 3512 --- [batch-process] [org.springframework.kafka.KafkaListenerEndpointContainer#0-0-C-1] org.apache.kafka.clients.NetworkClient   : [Consumer clientId=consumer-file-group-1, groupId=file-group] Client requested disconnect from node 2147483646
2026-04-03T22:23:57.519+05:30  INFO 3512 --- [batch-process] [org.springframework.kafka.KafkaListenerEndpointContainer#0-0-C-1] o.a.k.c.c.internals.ConsumerCoordinator  : [Consumer clientId=consumer-file-group-1, groupId=file-group] Discovered group coordinator localhost:9092 (id: 2147483646 rack: null)
2026-04-03T22:23:57.520+05:30  INFO 3512 --- [batch-process] [org.springframework.kafka.KafkaListenerEndpointContainer#0-0-C-1] o.a.k.c.c.internals.ConsumerCoordinator  : [Consumer clientId=consumer-file-group-1, groupId=file-group] Group coordinator localhost:9092 (id: 2147483646 rack: null) is unavailable or invalid due to cause: coordinator unavailable. isDisconnected: false. Rediscovery will be attempted.
2026-04-03T22:23:57.520+05:30  INFO 3512 --- [batch-process] [org.springframework.kafka.KafkaListenerEndpointContainer#0-0-C-1] o.a.k.c.c.internals.ConsumerCoordinator  : [Consumer clientId=consumer-file-group-1, groupId=file-group] Requesting disconnect from last known coordinator localhost:9092 (id: 2147483646 rack: null)
2026-04-03T22:23:57.607+05:30  INFO 3512 --- [batch-process] [org.springframework.kafka.KafkaListenerEndpointContainer#0-0-C-1] o.a.k.c.c.internals.ConsumerCoordinator  : [Consumer clientId=consumer-file-group-1, groupId=file-group] Discovered group coordinator localhost:9092 (id: 2147483646 rack: null)
2026-04-03T22:23:57.609+05:30  INFO 3512 --- [batch-process] [org.springframework.kafka.KafkaListenerEndpointContainer#0-0-C-1] o.a.k.c.c.internals.ConsumerCoordinator  : [Consumer clientId=consumer-file-group-1, groupId=file-group] Request joining group due to: rebalance failed due to 'This is not the correct coordinator.' (NotCoordinatorException)
2026-04-03T22:23:57.609+05:30  INFO 3512 --- [batch-process] [org.springframework.kafka.KafkaListenerEndpointContainer#0-0-C-1] o.a.k.c.c.internals.ConsumerCoordinator  : [Consumer clientId=consumer-file-group-1, groupId=file-group] (Re-)joining group
2026-04-03T22:23:57.620+05:30  INFO 3512 --- [batch-process] [org.springframework.kafka.KafkaListenerEndpointContainer#0-0-C-1] o.a.k.c.c.internals.ConsumerCoordinator  : [Consumer clientId=consumer-file-group-1, groupId=file-group] Group coordinator localhost:9092 (id: 2147483646 rack: null) is unavailable or invalid due to cause: error response NOT_COORDINATOR. isDisconnected: false. Rediscovery will be attempted.
2026-04-03T22:23:57.620+05:30  INFO 3512 --- [batch-process] [org.springframework.kafka.KafkaListenerEndpointContainer#0-0-C-1] o.a.k.c.c.internals.ConsumerCoordinator  : [Consumer clientId=consumer-file-group-1, groupId=file-group] Requesting disconnect from last known coordinator localhost:9092 (id: 2147483646 rack: null)
2026-04-03T22:23:57.620+05:30  INFO 3512 --- [batch-process] [org.springframework.kafka.KafkaListenerEndpointContainer#0-0-C-1] o.a.k.c.c.internals.ConsumerCoordinator  : [Consumer clientId=consumer-file-group-1, groupId=file-group] JoinGroup failed: This is not the correct coordinator. Marking coordinator unknown. Sent generation was Generation{generationId=-1, memberId='', protocol='null'}
2026-04-03T22:23:57.621+05:30  INFO 3512 --- [batch-process] [org.springframework.kafka.KafkaListenerEndpointContainer#0-0-C-1] org.apache.kafka.clients.NetworkClient   : [Consumer clientId=consumer-file-group-1, groupId=file-group] Client requested disconnect from node 2147483646
2026-04-03T22:23:57.624+05:30  INFO 3512 --- [batch-process] [org.springframework.kafka.KafkaListenerEndpointContainer#0-0-C-1] o.a.k.c.c.internals.ConsumerCoordinator  : [Consumer clientId=consumer-file-group-1, groupId=file-group] Discovered group coordinator localhost:9092 (id: 2147483646 rack: null)
2026-04-03T22:23:57.624+05:30  INFO 3512 --- [batch-process] [org.springframework.kafka.KafkaListenerEndpointContainer#0-0-C-1] o.a.k.c.c.internals.ConsumerCoordinator  : [Consumer clientId=consumer-file-group-1, groupId=file-group] Group coordinator localhost:9092 (id: 2147483646 rack: null) is unavailable or invalid due to cause: coordinator unavailable. isDisconnected: false. Rediscovery will be attempted.
2026-04-03T22:23:57.624+05:30  INFO 3512 --- [batch-process] [org.springframework.kafka.KafkaListenerEndpointContainer#0-0-C-1] o.a.k.c.c.internals.ConsumerCoordinator  : [Consumer clientId=consumer-file-group-1, groupId=file-group] Requesting disconnect from last known coordinator localhost:9092 (id: 2147483646 rack: null)
2026-04-03T22:23:57.722+05:30  INFO 3512 --- [batch-process] [org.springframework.kafka.KafkaListenerEndpointContainer#0-0-C-1] o.a.k.c.c.internals.ConsumerCoordinator  : [Consumer clientId=consumer-file-group-1, groupId=file-group] Discovered group coordinator localhost:9092 (id: 2147483646 rack: null)
2026-04-03T22:23:57.724+05:30  INFO 3512 --- [batch-process] [org.springframework.kafka.KafkaListenerEndpointContainer#0-0-C-1] o.a.k.c.c.internals.ConsumerCoordinator  : [Consumer clientId=consumer-file-group-1, groupId=file-group] Request joining group due to: rebalance failed due to 'This is not the correct coordinator.' (NotCoordinatorException)
2026-04-03T22:23:57.725+05:30  INFO 3512 --- [batch-process] [org.springframework.kafka.KafkaListenerEndpointContainer#0-0-C-1] o.a.k.c.c.internals.ConsumerCoordinator  : [Consumer clientId=consumer-file-group-1, groupId=file-group] (Re-)joining group
2026-04-03T22:23:57.730+05:30  INFO 3512 --- [batch-process] [org.springframework.kafka.KafkaListenerEndpointContainer#0-0-C-1] o.a.k.c.c.internals.ConsumerCoordinator  : [Consumer clientId=consumer-file-group-1, groupId=file-group] Group coordinator localhost:9092 (id: 2147483646 rack: null) is unavailable or invalid due to cause: error response NOT_COORDINATOR. isDisconnected: false. Rediscovery will be attempted.
2026-04-03T22:23:57.731+05:30  INFO 3512 --- [batch-process] [org.springframework.kafka.KafkaListenerEndpointContainer#0-0-C-1] o.a.k.c.c.internals.ConsumerCoordinator  : [Consumer clientId=consumer-file-group-1, groupId=file-group] Requesting disconnect from last known coordinator localhost:9092 (id: 2147483646 rack: null)
2026-04-03T22:23:57.731+05:30  INFO 3512 --- [batch-process] [org.springframework.kafka.KafkaListenerEndpointContainer#0-0-C-1] o.a.k.c.c.internals.ConsumerCoordinator  : [Consumer clientId=consumer-file-group-1, groupId=file-group] JoinGroup failed: This is not the correct coordinator. Marking coordinator unknown. Sent generation was Generation{generationId=-1, memberId='', protocol='null'}
2026-04-03T22:23:57.731+05:30  INFO 3512 --- [batch-process] [org.springframework.kafka.KafkaListenerEndpointContainer#0-0-C-1] org.apache.kafka.clients.NetworkClient   : [Consumer clientId=consumer-file-group-1, groupId=file-group] Client requested disconnect from node 2147483646
2026-04-03T22:23:57.734+05:30  INFO 3512 --- [batch-process] [org.springframework.kafka.KafkaListenerEndpointContainer#0-0-C-1] o.a.k.c.c.internals.ConsumerCoordinator  : [Consumer clientId=consumer-file-group-1, groupId=file-group] Discovered group coordinator localhost:9092 (id: 2147483646 rack: null)
2026-04-03T22:23:57.734+05:30  INFO 3512 --- [batch-process] [org.springframework.kafka.KafkaListenerEndpointContainer#0-0-C-1] o.a.k.c.c.internals.ConsumerCoordinator  : [Consumer clientId=consumer-file-group-1, groupId=file-group] Group coordinator localhost:9092 (id: 2147483646 rack: null) is unavailable or invalid due to cause: coordinator unavailable. isDisconnected: false. Rediscovery will be attempted.
2026-04-03T22:23:57.734+05:30  INFO 3512 --- [batch-process] [org.springframework.kafka.KafkaListenerEndpointContainer#0-0-C-1] o.a.k.c.c.internals.ConsumerCoordinator  : [Consumer clientId=consumer-file-group-1, groupId=file-group] Requesting disconnect from last known coordinator localhost:9092 (id: 2147483646 rack: null)
2026-04-03T22:23:57.820+05:30  INFO 3512 --- [batch-process] [org.springframework.kafka.KafkaListenerEndpointContainer#0-0-C-1] o.a.k.c.c.internals.ConsumerCoordinator  : [Consumer clientId=consumer-file-group-1, groupId=file-group] Discovered group coordinator localhost:9092 (id: 2147483646 rack: null)
2026-04-03T22:23:57.822+05:30  INFO 3512 --- [batch-process] [org.springframework.kafka.KafkaListenerEndpointContainer#0-0-C-1] o.a.k.c.c.internals.ConsumerCoordinator  : [Consumer clientId=consumer-file-group-1, groupId=file-group] Request joining group due to: rebalance failed due to 'This is not the correct coordinator.' (NotCoordinatorException)
2026-04-03T22:23:57.823+05:30  INFO 3512 --- [batch-process] [org.springframework.kafka.KafkaListenerEndpointContainer#0-0-C-1] o.a.k.c.c.internals.ConsumerCoordinator  : [Consumer clientId=consumer-file-group-1, groupId=file-group] (Re-)joining group
2026-04-03T22:23:57.827+05:30  INFO 3512 --- [batch-process] [org.springframework.kafka.KafkaListenerEndpointContainer#0-0-C-1] o.a.k.c.c.internals.ConsumerCoordinator  : [Consumer clientId=consumer-file-group-1, groupId=file-group] Group coordinator localhost:9092 (id: 2147483646 rack: null) is unavailable or invalid due to cause: error response NOT_COORDINATOR. isDisconnected: false. Rediscovery will be attempted.
2026-04-03T22:23:57.827+05:30  INFO 3512 --- [batch-process] [org.springframework.kafka.KafkaListenerEndpointContainer#0-0-C-1] o.a.k.c.c.internals.ConsumerCoordinator  : [Consumer clientId=consumer-file-group-1, groupId=file-group] Requesting disconnect from last known coordinator localhost:9092 (id: 2147483646 rack: null)
2026-04-03T22:23:57.828+05:30  INFO 3512 --- [batch-process] [org.springframework.kafka.KafkaListenerEndpointContainer#0-0-C-1] o.a.k.c.c.internals.ConsumerCoordinator  : [Consumer clientId=consumer-file-group-1, groupId=file-group] JoinGroup failed: This is not the correct coordinator. Marking coordinator unknown. Sent generation was Generation{generationId=-1, memberId='', protocol='null'}
2026-04-03T22:23:57.828+05:30  INFO 3512 --- [batch-process] [org.springframework.kafka.KafkaListenerEndpointContainer#0-0-C-1] org.apache.kafka.clients.NetworkClient   : [Consumer clientId=consumer-file-group-1, groupId=file-group] Client requested disconnect from node 2147483646
2026-04-03T22:23:57.831+05:30  INFO 3512 --- [batch-process] [org.springframework.kafka.KafkaListenerEndpointContainer#0-0-C-1] o.a.k.c.c.internals.ConsumerCoordinator  : [Consumer clientId=consumer-file-group-1, groupId=file-group] Discovered group coordinator localhost:9092 (id: 2147483646 rack: null)
2026-04-03T22:23:57.831+05:30  INFO 3512 --- [batch-process] [org.springframework.kafka.KafkaListenerEndpointContainer#0-0-C-1] o.a.k.c.c.internals.ConsumerCoordinator  : [Consumer clientId=consumer-file-group-1, groupId=file-group] Group coordinator localhost:9092 (id: 2147483646 rack: null) is unavailable or invalid due to cause: coordinator unavailable. isDisconnected: false. Rediscovery will be attempted.
2026-04-03T22:23:57.831+05:30  INFO 3512 --- [batch-process] [org.springframework.kafka.KafkaListenerEndpointContainer#0-0-C-1] o.a.k.c.c.internals.ConsumerCoordinator  : [Consumer clientId=consumer-file-group-1, groupId=file-group] Requesting disconnect from last known coordinator localhost:9092 (id: 2147483646 rack: null)
2026-04-03T22:23:57.947+05:30  INFO 3512 --- [batch-process] [org.springframework.kafka.KafkaListenerEndpointContainer#0-0-C-1] o.a.k.c.c.internals.ConsumerCoordinator  : [Consumer clientId=consumer-file-group-1, groupId=file-group] Discovered group coordinator localhost:9092 (id: 2147483646 rack: null)
2026-04-03T22:23:57.949+05:30  INFO 3512 --- [batch-process] [org.springframework.kafka.KafkaListenerEndpointContainer#0-0-C-1] o.a.k.c.c.internals.ConsumerCoordinator  : [Consumer clientId=consumer-file-group-1, groupId=file-group] Request joining group due to: rebalance failed due to 'This is not the correct coordinator.' (NotCoordinatorException)
2026-04-03T22:23:57.950+05:30  INFO 3512 --- [batch-process] [org.springframework.kafka.KafkaListenerEndpointContainer#0-0-C-1] o.a.k.c.c.internals.ConsumerCoordinator  : [Consumer clientId=consumer-file-group-1, groupId=file-group] (Re-)joining group
2026-04-03T22:23:57.954+05:30  INFO 3512 --- [batch-process] [org.springframework.kafka.KafkaListenerEndpointContainer#0-0-C-1] o.a.k.c.c.internals.ConsumerCoordinator  : [Consumer clientId=consumer-file-group-1, groupId=file-group] Group coordinator localhost:9092 (id: 2147483646 rack: null) is unavailable or invalid due to cause: error response NOT_COORDINATOR. isDisconnected: false. Rediscovery will be attempted.
2026-04-03T22:23:57.955+05:30  INFO 3512 --- [batch-process] [org.springframework.kafka.KafkaListenerEndpointContainer#0-0-C-1] o.a.k.c.c.internals.ConsumerCoordinator  : [Consumer clientId=consumer-file-group-1, groupId=file-group] Requesting disconnect from last known coordinator localhost:9092 (id: 2147483646 rack: null)
2026-04-03T22:23:57.955+05:30  INFO 3512 --- [batch-process] [org.springframework.kafka.KafkaListenerEndpointContainer#0-0-C-1] o.a.k.c.c.internals.ConsumerCoordinator  : [Consumer clientId=consumer-file-group-1, groupId=file-group] JoinGroup failed: This is not the correct coordinator. Marking coordinator unknown. Sent generation was Generation{generationId=-1, memberId='', protocol='null'}
2026-04-03T22:23:57.955+05:30  INFO 3512 --- [batch-process] [org.springframework.kafka.KafkaListenerEndpointContainer#0-0-C-1] org.apache.kafka.clients.NetworkClient   : [Consumer clientId=consumer-file-group-1, groupId=file-group] Client requested disconnect from node 2147483646
2026-04-03T22:23:57.959+05:30  INFO 3512 --- [batch-process] [org.springframework.kafka.KafkaListenerEndpointContainer#0-0-C-1] o.a.k.c.c.internals.ConsumerCoordinator  : [Consumer clientId=consumer-file-group-1, groupId=file-group] Discovered group coordinator localhost:9092 (id: 2147483646 rack: null)
2026-04-03T22:23:57.959+05:30  INFO 3512 --- [batch-process] [org.springframework.kafka.KafkaListenerEndpointContainer#0-0-C-1] o.a.k.c.c.internals.ConsumerCoordinator  : [Consumer clientId=consumer-file-group-1, groupId=file-group] Group coordinator localhost:9092 (id: 2147483646 rack: null) is unavailable or invalid due to cause: coordinator unavailable. isDisconnected: false. Rediscovery will be attempted.
2026-04-03T22:23:57.959+05:30  INFO 3512 --- [batch-process] [org.springframework.kafka.KafkaListenerEndpointContainer#0-0-C-1] o.a.k.c.c.internals.ConsumerCoordinator  : [Consumer clientId=consumer-file-group-1, groupId=file-group] Requesting disconnect from last known coordinator localhost:9092 (id: 2147483646 rack: null)
2026-04-03T22:23:58.060+05:30  INFO 3512 --- [batch-process] [org.springframework.kafka.KafkaListenerEndpointContainer#0-0-C-1] o.a.k.c.c.internals.ConsumerCoordinator  : [Consumer clientId=consumer-file-group-1, groupId=file-group] Discovered group coordinator localhost:9092 (id: 2147483646 rack: null)
2026-04-03T22:23:58.062+05:30  INFO 3512 --- [batch-process] [org.springframework.kafka.KafkaListenerEndpointContainer#0-0-C-1] o.a.k.c.c.internals.ConsumerCoordinator  : [Consumer clientId=consumer-file-group-1, groupId=file-group] Request joining group due to: rebalance failed due to 'This is not the correct coordinator.' (NotCoordinatorException)
2026-04-03T22:23:58.063+05:30  INFO 3512 --- [batch-process] [org.springframework.kafka.KafkaListenerEndpointContainer#0-0-C-1] o.a.k.c.c.internals.ConsumerCoordinator  : [Consumer clientId=consumer-file-group-1, groupId=file-group] (Re-)joining group
2026-04-03T22:23:58.066+05:30  INFO 3512 --- [batch-process] [org.springframework.kafka.KafkaListenerEndpointContainer#0-0-C-1] o.a.k.c.c.internals.ConsumerCoordinator  : [Consumer clientId=consumer-file-group-1, groupId=file-group] Group coordinator localhost:9092 (id: 2147483646 rack: null) is unavailable or invalid due to cause: error response NOT_COORDINATOR. isDisconnected: false. Rediscovery will be attempted.
2026-04-03T22:23:58.066+05:30  INFO 3512 --- [batch-process] [org.springframework.kafka.KafkaListenerEndpointContainer#0-0-C-1] o.a.k.c.c.internals.ConsumerCoordinator  : [Consumer clientId=consumer-file-group-1, groupId=file-group] Requesting disconnect from last known coordinator localhost:9092 (id: 2147483646 rack: null)
2026-04-03T22:23:58.066+05:30  INFO 3512 --- [batch-process] [org.springframework.kafka.KafkaListenerEndpointContainer#0-0-C-1] o.a.k.c.c.internals.ConsumerCoordinator  : [Consumer clientId=consumer-file-group-1, groupId=file-group] JoinGroup failed: This is not the correct coordinator. Marking coordinator unknown. Sent generation was Generation{generationId=-1, memberId='', protocol='null'}
2026-04-03T22:23:58.066+05:30  INFO 3512 --- [batch-process] [org.springframework.kafka.KafkaListenerEndpointContainer#0-0-C-1] org.apache.kafka.clients.NetworkClient   : [Consumer clientId=consumer-file-group-1, groupId=file-group] Client requested disconnect from node 2147483646
2026-04-03T22:23:58.068+05:30  INFO 3512 --- [batch-process] [org.springframework.kafka.KafkaListenerEndpointContainer#0-0-C-1] o.a.k.c.c.internals.ConsumerCoordinator  : [Consumer clientId=consumer-file-group-1, groupId=file-group] Discovered group coordinator localhost:9092 (id: 2147483646 rack: null)
2026-04-03T22:23:58.069+05:30  INFO 3512 --- [batch-process] [org.springframework.kafka.KafkaListenerEndpointContainer#0-0-C-1] o.a.k.c.c.internals.ConsumerCoordinator  : [Consumer clientId=consumer-file-group-1, groupId=file-group] Group coordinator localhost:9092 (id: 2147483646 rack: null) is unavailable or invalid due to cause: coordinator unavailable. isDisconnected: false. Rediscovery will be attempted.
2026-04-03T22:23:58.069+05:30  INFO 3512 --- [batch-process] [org.springframework.kafka.KafkaListenerEndpointContainer#0-0-C-1] o.a.k.c.c.internals.ConsumerCoordinator  : [Consumer clientId=consumer-file-group-1, groupId=file-group] Requesting disconnect from last known coordinator localhost:9092 (id: 2147483646 rack: null)
2026-04-03T22:23:58.191+05:30  INFO 3512 --- [batch-process] [org.springframework.kafka.KafkaListenerEndpointContainer#0-0-C-1] o.a.k.c.c.internals.ConsumerCoordinator  : [Consumer clientId=consumer-file-group-1, groupId=file-group] Discovered group coordinator localhost:9092 (id: 2147483646 rack: null)
2026-04-03T22:23:58.193+05:30  INFO 3512 --- [batch-process] [org.springframework.kafka.KafkaListenerEndpointContainer#0-0-C-1] o.a.k.c.c.internals.ConsumerCoordinator  : [Consumer clientId=consumer-file-group-1, groupId=file-group] Request joining group due to: rebalance failed due to 'This is not the correct coordinator.' (NotCoordinatorException)
2026-04-03T22:23:58.194+05:30  INFO 3512 --- [batch-process] [org.springframework.kafka.KafkaListenerEndpointContainer#0-0-C-1] o.a.k.c.c.internals.ConsumerCoordinator  : [Consumer clientId=consumer-file-group-1, groupId=file-group] (Re-)joining group
2026-04-03T22:23:58.202+05:30  INFO 3512 --- [batch-process] [org.springframework.kafka.KafkaListenerEndpointContainer#0-0-C-1] o.a.k.c.c.internals.ConsumerCoordinator  : [Consumer clientId=consumer-file-group-1, groupId=file-group] Group coordinator localhost:9092 (id: 2147483646 rack: null) is unavailable or invalid due to cause: error response NOT_COORDINATOR. isDisconnected: false. Rediscovery will be attempted.
2026-04-03T22:23:58.202+05:30  INFO 3512 --- [batch-process] [org.springframework.kafka.KafkaListenerEndpointContainer#0-0-C-1] o.a.k.c.c.internals.ConsumerCoordinator  : [Consumer clientId=consumer-file-group-1, groupId=file-group] Requesting disconnect from last known coordinator localhost:9092 (id: 2147483646 rack: null)
2026-04-03T22:23:58.202+05:30  INFO 3512 --- [batch-process] [org.springframework.kafka.KafkaListenerEndpointContainer#0-0-C-1] o.a.k.c.c.internals.ConsumerCoordinator  : [Consumer clientId=consumer-file-group-1, groupId=file-group] JoinGroup failed: This is not the correct coordinator. Marking coordinator unknown. Sent generation was Generation{generationId=-1, memberId='', protocol='null'}
2026-04-03T22:23:58.203+05:30  INFO 3512 --- [batch-process] [org.springframework.kafka.KafkaListenerEndpointContainer#0-0-C-1] org.apache.kafka.clients.NetworkClient   : [Consumer clientId=consumer-file-group-1, groupId=file-group] Client requested disconnect from node 2147483646
2026-04-03T22:23:58.205+05:30  INFO 3512 --- [batch-process] [org.springframework.kafka.KafkaListenerEndpointContainer#0-0-C-1] o.a.k.c.c.internals.ConsumerCoordinator  : [Consumer clientId=consumer-file-group-1, groupId=file-group] Discovered group coordinator localhost:9092 (id: 2147483646 rack: null)
2026-04-03T22:23:58.205+05:30  INFO 3512 --- [batch-process] [org.springframework.kafka.KafkaListenerEndpointContainer#0-0-C-1] o.a.k.c.c.internals.ConsumerCoordinator  : [Consumer clientId=consumer-file-group-1, groupId=file-group] Group coordinator localhost:9092 (id: 2147483646 rack: null) is unavailable or invalid due to cause: coordinator unavailable. isDisconnected: false. Rediscovery will be attempted.
2026-04-03T22:23:58.205+05:30  INFO 3512 --- [batch-process] [org.springframework.kafka.KafkaListenerEndpointContainer#0-0-C-1] o.a.k.c.c.internals.ConsumerCoordinator  : [Consumer clientId=consumer-file-group-1, groupId=file-group] Requesting disconnect from last known coordinator localhost:9092 (id: 2147483646 rack: null)
2026-04-03T22:23:58.318+05:30  INFO 3512 --- [batch-process] [org.springframework.kafka.KafkaListenerEndpointContainer#0-0-C-1] o.a.k.c.c.internals.ConsumerCoordinator  : [Consumer clientId=consumer-file-group-1, groupId=file-group] Discovered group coordinator localhost:9092 (id: 2147483646 rack: null)
2026-04-03T22:23:58.320+05:30  INFO 3512 --- [batch-process] [org.springframework.kafka.KafkaListenerEndpointContainer#0-0-C-1] o.a.k.c.c.internals.ConsumerCoordinator  : [Consumer clientId=consumer-file-group-1, groupId=file-group] Request joining group due to: rebalance failed due to 'This is not the correct coordinator.' (NotCoordinatorException)
2026-04-03T22:23:58.322+05:30  INFO 3512 --- [batch-process] [org.springframework.kafka.KafkaListenerEndpointContainer#0-0-C-1] o.a.k.c.c.internals.ConsumerCoordinator  : [Consumer clientId=consumer-file-group-1, groupId=file-group] (Re-)joining group
2026-04-03T22:23:58.333+05:30  INFO 3512 --- [batch-process] [org.springframework.kafka.KafkaListenerEndpointContainer#0-0-C-1] o.a.k.c.c.internals.ConsumerCoordinator  : [Consumer clientId=consumer-file-group-1, groupId=file-group] Group coordinator localhost:9092 (id: 2147483646 rack: null) is unavailable or invalid due to cause: error response NOT_COORDINATOR. isDisconnected: false. Rediscovery will be attempted.
2026-04-03T22:23:58.333+05:30  INFO 3512 --- [batch-process] [org.springframework.kafka.KafkaListenerEndpointContainer#0-0-C-1] o.a.k.c.c.internals.ConsumerCoordinator  : [Consumer clientId=consumer-file-group-1, groupId=file-group] Requesting disconnect from last known coordinator localhost:9092 (id: 2147483646 rack: null)
2026-04-03T22:23:58.333+05:30  INFO 3512 --- [batch-process] [org.springframework.kafka.KafkaListenerEndpointContainer#0-0-C-1] o.a.k.c.c.internals.ConsumerCoordinator  : [Consumer clientId=consumer-file-group-1, groupId=file-group] JoinGroup failed: This is not the correct coordinator. Marking coordinator unknown. Sent generation was Generation{generationId=-1, memberId='', protocol='null'}
2026-04-03T22:23:58.333+05:30  INFO 3512 --- [batch-process] [org.springframework.kafka.KafkaListenerEndpointContainer#0-0-C-1] org.apache.kafka.clients.NetworkClient   : [Consumer clientId=consumer-file-group-1, groupId=file-group] Client requested disconnect from node 2147483646
2026-04-03T22:23:58.336+05:30  INFO 3512 --- [batch-process] [org.springframework.kafka.KafkaListenerEndpointContainer#0-0-C-1] o.a.k.c.c.internals.ConsumerCoordinator  : [Consumer clientId=consumer-file-group-1, groupId=file-group] Discovered group coordinator localhost:9092 (id: 2147483646 rack: null)
2026-04-03T22:23:58.336+05:30  INFO 3512 --- [batch-process] [org.springframework.kafka.KafkaListenerEndpointContainer#0-0-C-1] o.a.k.c.c.internals.ConsumerCoordinator  : [Consumer clientId=consumer-file-group-1, groupId=file-group] Group coordinator localhost:9092 (id: 2147483646 rack: null) is unavailable or invalid due to cause: coordinator unavailable. isDisconnected: false. Rediscovery will be attempted.
2026-04-03T22:23:58.336+05:30  INFO 3512 --- [batch-process] [org.springframework.kafka.KafkaListenerEndpointContainer#0-0-C-1] o.a.k.c.c.internals.ConsumerCoordinator  : [Consumer clientId=consumer-file-group-1, groupId=file-group] Requesting disconnect from last known coordinator localhost:9092 (id: 2147483646 rack: null)
2026-04-03T22:23:58.427+05:30  INFO 3512 --- [batch-process] [org.springframework.kafka.KafkaListenerEndpointContainer#0-0-C-1] o.a.k.c.c.internals.ConsumerCoordinator  : [Consumer clientId=consumer-file-group-1, groupId=file-group] Discovered group coordinator localhost:9092 (id: 2147483646 rack: null)
2026-04-03T22:23:58.429+05:30  INFO 3512 --- [batch-process] [org.springframework.kafka.KafkaListenerEndpointContainer#0-0-C-1] o.a.k.c.c.internals.ConsumerCoordinator  : [Consumer clientId=consumer-file-group-1, groupId=file-group] Request joining group due to: rebalance failed due to 'This is not the correct coordinator.' (NotCoordinatorException)
2026-04-03T22:23:58.430+05:30  INFO 3512 --- [batch-process] [org.springframework.kafka.KafkaListenerEndpointContainer#0-0-C-1] o.a.k.c.c.internals.ConsumerCoordinator  : [Consumer clientId=consumer-file-group-1, groupId=file-group] (Re-)joining group
2026-04-03T22:23:58.432+05:30  INFO 3512 --- [batch-process] [org.springframework.kafka.KafkaListenerEndpointContainer#0-0-C-1] o.a.k.c.c.internals.ConsumerCoordinator  : [Consumer clientId=consumer-file-group-1, groupId=file-group] Group coordinator localhost:9092 (id: 2147483646 rack: null) is unavailable or invalid due to cause: error response NOT_COORDINATOR. isDisconnected: false. Rediscovery will be attempted.
2026-04-03T22:23:58.433+05:30  INFO 3512 --- [batch-process] [org.springframework.kafka.KafkaListenerEndpointContainer#0-0-C-1] o.a.k.c.c.internals.ConsumerCoordinator  : [Consumer clientId=consumer-file-group-1, groupId=file-group] Requesting disconnect from last known coordinator localhost:9092 (id: 2147483646 rack: null)
2026-04-03T22:23:58.433+05:30  INFO 3512 --- [batch-process] [org.springframework.kafka.KafkaListenerEndpointContainer#0-0-C-1] o.a.k.c.c.internals.ConsumerCoordinator  : [Consumer clientId=consumer-file-group-1, groupId=file-group] JoinGroup failed: This is not the correct coordinator. Marking coordinator unknown. Sent generation was Generation{generationId=-1, memberId='', protocol='null'}
2026-04-03T22:23:58.433+05:30  INFO 3512 --- [batch-process] [org.springframework.kafka.KafkaListenerEndpointContainer#0-0-C-1] org.apache.kafka.clients.NetworkClient   : [Consumer clientId=consumer-file-group-1, groupId=file-group] Client requested disconnect from node 2147483646
2026-04-03T22:23:58.437+05:30  INFO 3512 --- [batch-process] [org.springframework.kafka.KafkaListenerEndpointContainer#0-0-C-1] o.a.k.c.c.internals.ConsumerCoordinator  : [Consumer clientId=consumer-file-group-1, groupId=file-group] Discovered group coordinator localhost:9092 (id: 2147483646 rack: null)
2026-04-03T22:23:58.437+05:30  INFO 3512 --- [batch-process] [org.springframework.kafka.KafkaListenerEndpointContainer#0-0-C-1] o.a.k.c.c.internals.ConsumerCoordinator  : [Consumer clientId=consumer-file-group-1, groupId=file-group] Group coordinator localhost:9092 (id: 2147483646 rack: null) is unavailable or invalid due to cause: coordinator unavailable. isDisconnected: false. Rediscovery will be attempted.
2026-04-03T22:23:58.437+05:30  INFO 3512 --- [batch-process] [org.springframework.kafka.KafkaListenerEndpointContainer#0-0-C-1] o.a.k.c.c.internals.ConsumerCoordinator  : [Consumer clientId=consumer-file-group-1, groupId=file-group] Requesting disconnect from last known coordinator localhost:9092 (id: 2147483646 rack: null)
2026-04-03T22:23:58.552+05:30  INFO 3512 --- [batch-process] [org.springframework.kafka.KafkaListenerEndpointContainer#0-0-C-1] o.a.k.c.c.internals.ConsumerCoordinator  : [Consumer clientId=consumer-file-group-1, groupId=file-group] Discovered group coordinator localhost:9092 (id: 2147483646 rack: null)
2026-04-03T22:23:58.554+05:30  INFO 3512 --- [batch-process] [org.springframework.kafka.KafkaListenerEndpointContainer#0-0-C-1] o.a.k.c.c.internals.ConsumerCoordinator  : [Consumer clientId=consumer-file-group-1, groupId=file-group] Request joining group due to: rebalance failed due to 'This is not the correct coordinator.' (NotCoordinatorException)
2026-04-03T22:23:58.556+05:30  INFO 3512 --- [batch-process] [org.springframework.kafka.KafkaListenerEndpointContainer#0-0-C-1] o.a.k.c.c.internals.ConsumerCoordinator  : [Consumer clientId=consumer-file-group-1, groupId=file-group] (Re-)joining group
2026-04-03T22:23:58.563+05:30  INFO 3512 --- [batch-process] [org.springframework.kafka.KafkaListenerEndpointContainer#0-0-C-1] o.a.k.c.c.internals.ConsumerCoordinator  : [Consumer clientId=consumer-file-group-1, groupId=file-group] Group coordinator localhost:9092 (id: 2147483646 rack: null) is unavailable or invalid due to cause: error response NOT_COORDINATOR. isDisconnected: false. Rediscovery will be attempted.
2026-04-03T22:23:58.563+05:30  INFO 3512 --- [batch-process] [org.springframework.kafka.KafkaListenerEndpointContainer#0-0-C-1] o.a.k.c.c.internals.ConsumerCoordinator  : [Consumer clientId=consumer-file-group-1, groupId=file-group] Requesting disconnect from last known coordinator localhost:9092 (id: 2147483646 rack: null)
2026-04-03T22:23:58.563+05:30  INFO 3512 --- [batch-process] [org.springframework.kafka.KafkaListenerEndpointContainer#0-0-C-1] o.a.k.c.c.internals.ConsumerCoordinator  : [Consumer clientId=consumer-file-group-1, groupId=file-group] JoinGroup failed: This is not the correct coordinator. Marking coordinator unknown. Sent generation was Generation{generationId=-1, memberId='', protocol='null'}
2026-04-03T22:23:58.563+05:30  INFO 3512 --- [batch-process] [org.springframework.kafka.KafkaListenerEndpointContainer#0-0-C-1] org.apache.kafka.clients.NetworkClient   : [Consumer clientId=consumer-file-group-1, groupId=file-group] Client requested disconnect from node 2147483646
2026-04-03T22:23:58.566+05:30  INFO 3512 --- [batch-process] [org.springframework.kafka.KafkaListenerEndpointContainer#0-0-C-1] o.a.k.c.c.internals.ConsumerCoordinator  : [Consumer clientId=consumer-file-group-1, groupId=file-group] Discovered group coordinator localhost:9092 (id: 2147483646 rack: null)
2026-04-03T22:23:58.566+05:30  INFO 3512 --- [batch-process] [org.springframework.kafka.KafkaListenerEndpointContainer#0-0-C-1] o.a.k.c.c.internals.ConsumerCoordinator  : [Consumer clientId=consumer-file-group-1, groupId=file-group] Group coordinator localhost:9092 (id: 2147483646 rack: null) is unavailable or invalid due to cause: coordinator unavailable. isDisconnected: false. Rediscovery will be attempted.
2026-04-03T22:23:58.567+05:30  INFO 3512 --- [batch-process] [org.springframework.kafka.KafkaListenerEndpointContainer#0-0-C-1] o.a.k.c.c.internals.ConsumerCoordinator  : [Consumer clientId=consumer-file-group-1, groupId=file-group] Requesting disconnect from last known coordinator localhost:9092 (id: 2147483646 rack: null)
2026-04-03T22:23:58.676+05:30  INFO 3512 --- [batch-process] [org.springframework.kafka.KafkaListenerEndpointContainer#0-0-C-1] o.a.k.c.c.internals.ConsumerCoordinator  : [Consumer clientId=consumer-file-group-1, groupId=file-group] Discovered group coordinator localhost:9092 (id: 2147483646 rack: null)
2026-04-03T22:23:58.678+05:30  INFO 3512 --- [batch-process] [org.springframework.kafka.KafkaListenerEndpointContainer#0-0-C-1] o.a.k.c.c.internals.ConsumerCoordinator  : [Consumer clientId=consumer-file-group-1, groupId=file-group] Request joining group due to: rebalance failed due to 'This is not the correct coordinator.' (NotCoordinatorException)
2026-04-03T22:23:58.679+05:30  INFO 3512 --- [batch-process] [org.springframework.kafka.KafkaListenerEndpointContainer#0-0-C-1] o.a.k.c.c.internals.ConsumerCoordinator  : [Consumer clientId=consumer-file-group-1, groupId=file-group] (Re-)joining group
2026-04-03T22:23:58.693+05:30  INFO 3512 --- [batch-process] [org.springframework.kafka.KafkaListenerEndpointContainer#0-0-C-1] o.a.k.c.c.internals.ConsumerCoordinator  : [Consumer clientId=consumer-file-group-1, groupId=file-group] Group coordinator localhost:9092 (id: 2147483646 rack: null) is unavailable or invalid due to cause: error response NOT_COORDINATOR. isDisconnected: false. Rediscovery will be attempted.
2026-04-03T22:23:58.693+05:30  INFO 3512 --- [batch-process] [org.springframework.kafka.KafkaListenerEndpointContainer#0-0-C-1] o.a.k.c.c.internals.ConsumerCoordinator  : [Consumer clientId=consumer-file-group-1, groupId=file-group] Requesting disconnect from last known coordinator localhost:9092 (id: 2147483646 rack: null)
2026-04-03T22:23:58.693+05:30  INFO 3512 --- [batch-process] [org.springframework.kafka.KafkaListenerEndpointContainer#0-0-C-1] o.a.k.c.c.internals.ConsumerCoordinator  : [Consumer clientId=consumer-file-group-1, groupId=file-group] JoinGroup failed: This is not the correct coordinator. Marking coordinator unknown. Sent generation was Generation{generationId=-1, memberId='', protocol='null'}
2026-04-03T22:23:58.694+05:30  INFO 3512 --- [batch-process] [org.springframework.kafka.KafkaListenerEndpointContainer#0-0-C-1] org.apache.kafka.clients.NetworkClient   : [Consumer clientId=consumer-file-group-1, groupId=file-group] Client requested disconnect from node 2147483646
2026-04-03T22:23:58.698+05:30  INFO 3512 --- [batch-process] [org.springframework.kafka.KafkaListenerEndpointContainer#0-0-C-1] o.a.k.c.c.internals.ConsumerCoordinator  : [Consumer clientId=consumer-file-group-1, groupId=file-group] Discovered group coordinator localhost:9092 (id: 2147483646 rack: null)
2026-04-03T22:23:58.698+05:30  INFO 3512 --- [batch-process] [org.springframework.kafka.KafkaListenerEndpointContainer#0-0-C-1] o.a.k.c.c.internals.ConsumerCoordinator  : [Consumer clientId=consumer-file-group-1, groupId=file-group] Group coordinator localhost:9092 (id: 2147483646 rack: null) is unavailable or invalid due to cause: coordinator unavailable. isDisconnected: false. Rediscovery will be attempted.
2026-04-03T22:23:58.698+05:30  INFO 3512 --- [batch-process] [org.springframework.kafka.KafkaListenerEndpointContainer#0-0-C-1] o.a.k.c.c.internals.ConsumerCoordinator  : [Consumer clientId=consumer-file-group-1, groupId=file-group] Requesting disconnect from last known coordinator localhost:9092 (id: 2147483646 rack: null)
2026-04-03T22:23:58.818+05:30  INFO 3512 --- [batch-process] [org.springframework.kafka.KafkaListenerEndpointContainer#0-0-C-1] o.a.k.c.c.internals.ConsumerCoordinator  : [Consumer clientId=consumer-file-group-1, groupId=file-group] Discovered group coordinator localhost:9092 (id: 2147483646 rack: null)
2026-04-03T22:23:58.820+05:30  INFO 3512 --- [batch-process] [org.springframework.kafka.KafkaListenerEndpointContainer#0-0-C-1] o.a.k.c.c.internals.ConsumerCoordinator  : [Consumer clientId=consumer-file-group-1, groupId=file-group] Request joining group due to: rebalance failed due to 'This is not the correct coordinator.' (NotCoordinatorException)
2026-04-03T22:23:58.821+05:30  INFO 3512 --- [batch-process] [org.springframework.kafka.KafkaListenerEndpointContainer#0-0-C-1] o.a.k.c.c.internals.ConsumerCoordinator  : [Consumer clientId=consumer-file-group-1, groupId=file-group] (Re-)joining group
2026-04-03T22:23:58.826+05:30  INFO 3512 --- [batch-process] [org.springframework.kafka.KafkaListenerEndpointContainer#0-0-C-1] o.a.k.c.c.internals.ConsumerCoordinator  : [Consumer clientId=consumer-file-group-1, groupId=file-group] Group coordinator localhost:9092 (id: 2147483646 rack: null) is unavailable or invalid due to cause: error response NOT_COORDINATOR. isDisconnected: false. Rediscovery will be attempted.
2026-04-03T22:23:58.826+05:30  INFO 3512 --- [batch-process] [org.springframework.kafka.KafkaListenerEndpointContainer#0-0-C-1] o.a.k.c.c.internals.ConsumerCoordinator  : [Consumer clientId=consumer-file-group-1, groupId=file-group] Requesting disconnect from last known coordinator localhost:9092 (id: 2147483646 rack: null)
2026-04-03T22:23:58.826+05:30  INFO 3512 --- [batch-process] [org.springframework.kafka.KafkaListenerEndpointContainer#0-0-C-1] o.a.k.c.c.internals.ConsumerCoordinator  : [Consumer clientId=consumer-file-group-1, groupId=file-group] JoinGroup failed: This is not the correct coordinator. Marking coordinator unknown. Sent generation was Generation{generationId=-1, memberId='', protocol='null'}
2026-04-03T22:23:58.827+05:30  INFO 3512 --- [batch-process] [org.springframework.kafka.KafkaListenerEndpointContainer#0-0-C-1] org.apache.kafka.clients.NetworkClient   : [Consumer clientId=consumer-file-group-1, groupId=file-group] Client requested disconnect from node 2147483646
2026-04-03T22:23:58.829+05:30  INFO 3512 --- [batch-process] [org.springframework.kafka.KafkaListenerEndpointContainer#0-0-C-1] o.a.k.c.c.internals.ConsumerCoordinator  : [Consumer clientId=consumer-file-group-1, groupId=file-group] Discovered group coordinator localhost:9092 (id: 2147483646 rack: null)
2026-04-03T22:23:58.829+05:30  INFO 3512 --- [batch-process] [org.springframework.kafka.KafkaListenerEndpointContainer#0-0-C-1] o.a.k.c.c.internals.ConsumerCoordinator  : [Consumer clientId=consumer-file-group-1, groupId=file-group] Group coordinator localhost:9092 (id: 2147483646 rack: null) is unavailable or invalid due to cause: coordinator unavailable. isDisconnected: false. Rediscovery will be attempted.
2026-04-03T22:23:58.829+05:30  INFO 3512 --- [batch-process] [org.springframework.kafka.KafkaListenerEndpointContainer#0-0-C-1] o.a.k.c.c.internals.ConsumerCoordinator  : [Consumer clientId=consumer-file-group-1, groupId=file-group] Requesting disconnect from last known coordinator localhost:9092 (id: 2147483646 rack: null)
2026-04-03T22:23:58.942+05:30  INFO 3512 --- [batch-process] [org.springframework.kafka.KafkaListenerEndpointContainer#0-0-C-1] o.a.k.c.c.internals.ConsumerCoordinator  : [Consumer clientId=consumer-file-group-1, groupId=file-group] Discovered group coordinator localhost:9092 (id: 2147483646 rack: null)
2026-04-03T22:23:58.944+05:30  INFO 3512 --- [batch-process] [org.springframework.kafka.KafkaListenerEndpointContainer#0-0-C-1] o.a.k.c.c.internals.ConsumerCoordinator  : [Consumer clientId=consumer-file-group-1, groupId=file-group] Request joining group due to: rebalance failed due to 'This is not the correct coordinator.' (NotCoordinatorException)
2026-04-03T22:23:58.945+05:30  INFO 3512 --- [batch-process] [org.springframework.kafka.KafkaListenerEndpointContainer#0-0-C-1] o.a.k.c.c.internals.ConsumerCoordinator  : [Consumer clientId=consumer-file-group-1, groupId=file-group] (Re-)joining group
2026-04-03T22:23:58.952+05:30  INFO 3512 --- [batch-process] [org.springframework.kafka.KafkaListenerEndpointContainer#0-0-C-1] o.a.k.c.c.internals.ConsumerCoordinator  : [Consumer clientId=consumer-file-group-1, groupId=file-group] Group coordinator localhost:9092 (id: 2147483646 rack: null) is unavailable or invalid due to cause: error response NOT_COORDINATOR. isDisconnected: false. Rediscovery will be attempted.
2026-04-03T22:23:58.952+05:30  INFO 3512 --- [batch-process] [org.springframework.kafka.KafkaListenerEndpointContainer#0-0-C-1] o.a.k.c.c.internals.ConsumerCoordinator  : [Consumer clientId=consumer-file-group-1, groupId=file-group] Requesting disconnect from last known coordinator localhost:9092 (id: 2147483646 rack: null)
2026-04-03T22:23:58.952+05:30  INFO 3512 --- [batch-process] [org.springframework.kafka.KafkaListenerEndpointContainer#0-0-C-1] o.a.k.c.c.internals.ConsumerCoordinator  : [Consumer clientId=consumer-file-group-1, groupId=file-group] JoinGroup failed: This is not the correct coordinator. Marking coordinator unknown. Sent generation was Generation{generationId=-1, memberId='', protocol='null'}
2026-04-03T22:23:58.953+05:30  INFO 3512 --- [batch-process] [org.springframework.kafka.KafkaListenerEndpointContainer#0-0-C-1] org.apache.kafka.clients.NetworkClient   : [Consumer clientId=consumer-file-group-1, groupId=file-group] Client requested disconnect from node 2147483646
2026-04-03T22:23:58.962+05:30  INFO 3512 --- [batch-process] [org.springframework.kafka.KafkaListenerEndpointContainer#0-0-C-1] o.a.k.c.c.internals.ConsumerCoordinator  : [Consumer clientId=consumer-file-group-1, groupId=file-group] Discovered group coordinator localhost:9092 (id: 2147483646 rack: null)
2026-04-03T22:23:58.962+05:30  INFO 3512 --- [batch-process] [org.springframework.kafka.KafkaListenerEndpointContainer#0-0-C-1] o.a.k.c.c.internals.ConsumerCoordinator  : [Consumer clientId=consumer-file-group-1, groupId=file-group] Group coordinator localhost:9092 (id: 2147483646 rack: null) is unavailable or invalid due to cause: coordinator unavailable. isDisconnected: false. Rediscovery will be attempted.
2026-04-03T22:23:58.962+05:30  INFO 3512 --- [batch-process] [org.springframework.kafka.KafkaListenerEndpointContainer#0-0-C-1] o.a.k.c.c.internals.ConsumerCoordinator  : [Consumer clientId=consumer-file-group-1, groupId=file-group] Requesting disconnect from last known coordinator localhost:9092 (id: 2147483646 rack: null)
2026-04-03T22:23:59.047+05:30  INFO 3512 --- [batch-process] [org.springframework.kafka.KafkaListenerEndpointContainer#0-0-C-1] o.a.k.c.c.internals.ConsumerCoordinator  : [Consumer clientId=consumer-file-group-1, groupId=file-group] Discovered group coordinator localhost:9092 (id: 2147483646 rack: null)
2026-04-03T22:23:59.050+05:30  INFO 3512 --- [batch-process] [org.springframework.kafka.KafkaListenerEndpointContainer#0-0-C-1] o.a.k.c.c.internals.ConsumerCoordinator  : [Consumer clientId=consumer-file-group-1, groupId=file-group] Request joining group due to: rebalance failed due to 'This is not the correct coordinator.' (NotCoordinatorException)
2026-04-03T22:23:59.051+05:30  INFO 3512 --- [batch-process] [org.springframework.kafka.KafkaListenerEndpointContainer#0-0-C-1] o.a.k.c.c.internals.ConsumerCoordinator  : [Consumer clientId=consumer-file-group-1, groupId=file-group] (Re-)joining group
2026-04-03T22:23:59.058+05:30  INFO 3512 --- [batch-process] [org.springframework.kafka.KafkaListenerEndpointContainer#0-0-C-1] o.a.k.c.c.internals.ConsumerCoordinator  : [Consumer clientId=consumer-file-group-1, groupId=file-group] Group coordinator localhost:9092 (id: 2147483646 rack: null) is unavailable or invalid due to cause: error response NOT_COORDINATOR. isDisconnected: false. Rediscovery will be attempted.
2026-04-03T22:23:59.058+05:30  INFO 3512 --- [batch-process] [org.springframework.kafka.KafkaListenerEndpointContainer#0-0-C-1] o.a.k.c.c.internals.ConsumerCoordinator  : [Consumer clientId=consumer-file-group-1, groupId=file-group] Requesting disconnect from last known coordinator localhost:9092 (id: 2147483646 rack: null)
2026-04-03T22:23:59.058+05:30  INFO 3512 --- [batch-process] [org.springframework.kafka.KafkaListenerEndpointContainer#0-0-C-1] o.a.k.c.c.internals.ConsumerCoordinator  : [Consumer clientId=consumer-file-group-1, groupId=file-group] JoinGroup failed: This is not the correct coordinator. Marking coordinator unknown. Sent generation was Generation{generationId=-1, memberId='', protocol='null'}
2026-04-03T22:23:59.059+05:30  INFO 3512 --- [batch-process] [org.springframework.kafka.KafkaListenerEndpointContainer#0-0-C-1] org.apache.kafka.clients.NetworkClient   : [Consumer clientId=consumer-file-group-1, groupId=file-group] Client requested disconnect from node 2147483646
2026-04-03T22:23:59.064+05:30  INFO 3512 --- [batch-process] [org.springframework.kafka.KafkaListenerEndpointContainer#0-0-C-1] o.a.k.c.c.internals.ConsumerCoordinator  : [Consumer clientId=consumer-file-group-1, groupId=file-group] Discovered group coordinator localhost:9092 (id: 2147483646 rack: null)
2026-04-03T22:23:59.064+05:30  INFO 3512 --- [batch-process] [org.springframework.kafka.KafkaListenerEndpointContainer#0-0-C-1] o.a.k.c.c.internals.ConsumerCoordinator  : [Consumer clientId=consumer-file-group-1, groupId=file-group] Group coordinator localhost:9092 (id: 2147483646 rack: null) is unavailable or invalid due to cause: coordinator unavailable. isDisconnected: false. Rediscovery will be attempted.
2026-04-03T22:23:59.064+05:30  INFO 3512 --- [batch-process] [org.springframework.kafka.KafkaListenerEndpointContainer#0-0-C-1] o.a.k.c.c.internals.ConsumerCoordinator  : [Consumer clientId=consumer-file-group-1, groupId=file-group] Requesting disconnect from last known coordinator localhost:9092 (id: 2147483646 rack: null)
2026-04-03T22:23:59.174+05:30  INFO 3512 --- [batch-process] [org.springframework.kafka.KafkaListenerEndpointContainer#0-0-C-1] o.a.k.c.c.internals.ConsumerCoordinator  : [Consumer clientId=consumer-file-group-1, groupId=file-group] Discovered group coordinator localhost:9092 (id: 2147483646 rack: null)
2026-04-03T22:23:59.176+05:30  INFO 3512 --- [batch-process] [org.springframework.kafka.KafkaListenerEndpointContainer#0-0-C-1] o.a.k.c.c.internals.ConsumerCoordinator  : [Consumer clientId=consumer-file-group-1, groupId=file-group] Request joining group due to: rebalance failed due to 'This is not the correct coordinator.' (NotCoordinatorException)
2026-04-03T22:23:59.177+05:30  INFO 3512 --- [batch-process] [org.springframework.kafka.KafkaListenerEndpointContainer#0-0-C-1] o.a.k.c.c.internals.ConsumerCoordinator  : [Consumer clientId=consumer-file-group-1, groupId=file-group] (Re-)joining group
2026-04-03T22:23:59.182+05:30  INFO 3512 --- [batch-process] [org.springframework.kafka.KafkaListenerEndpointContainer#0-0-C-1] o.a.k.c.c.internals.ConsumerCoordinator  : [Consumer clientId=consumer-file-group-1, groupId=file-group] Group coordinator localhost:9092 (id: 2147483646 rack: null) is unavailable or invalid due to cause: error response NOT_COORDINATOR. isDisconnected: false. Rediscovery will be attempted.
2026-04-03T22:23:59.182+05:30  INFO 3512 --- [batch-process] [org.springframework.kafka.KafkaListenerEndpointContainer#0-0-C-1] o.a.k.c.c.internals.ConsumerCoordinator  : [Consumer clientId=consumer-file-group-1, groupId=file-group] Requesting disconnect from last known coordinator localhost:9092 (id: 2147483646 rack: null)
2026-04-03T22:23:59.182+05:30  INFO 3512 --- [batch-process] [org.springframework.kafka.KafkaListenerEndpointContainer#0-0-C-1] o.a.k.c.c.internals.ConsumerCoordinator  : [Consumer clientId=consumer-file-group-1, groupId=file-group] JoinGroup failed: This is not the correct coordinator. Marking coordinator unknown. Sent generation was Generation{generationId=-1, memberId='', protocol='null'}
2026-04-03T22:23:59.182+05:30  INFO 3512 --- [batch-process] [org.springframework.kafka.KafkaListenerEndpointContainer#0-0-C-1] org.apache.kafka.clients.NetworkClient   : [Consumer clientId=consumer-file-group-1, groupId=file-group] Client requested disconnect from node 2147483646
2026-04-03T22:23:59.185+05:30  INFO 3512 --- [batch-process] [org.springframework.kafka.KafkaListenerEndpointContainer#0-0-C-1] o.a.k.c.c.internals.ConsumerCoordinator  : [Consumer clientId=consumer-file-group-1, groupId=file-group] Discovered group coordinator localhost:9092 (id: 2147483646 rack: null)
2026-04-03T22:23:59.185+05:30  INFO 3512 --- [batch-process] [org.springframework.kafka.KafkaListenerEndpointContainer#0-0-C-1] o.a.k.c.c.internals.ConsumerCoordinator  : [Consumer clientId=consumer-file-group-1, groupId=file-group] Group coordinator localhost:9092 (id: 2147483646 rack: null) is unavailable or invalid due to cause: coordinator unavailable. isDisconnected: false. Rediscovery will be attempted.
2026-04-03T22:23:59.185+05:30  INFO 3512 --- [batch-process] [org.springframework.kafka.KafkaListenerEndpointContainer#0-0-C-1] o.a.k.c.c.internals.ConsumerCoordinator  : [Consumer clientId=consumer-file-group-1, groupId=file-group] Requesting disconnect from last known coordinator localhost:9092 (id: 2147483646 rack: null)
2026-04-03T22:23:59.295+05:30  INFO 3512 --- [batch-process] [org.springframework.kafka.KafkaListenerEndpointContainer#0-0-C-1] o.a.k.c.c.internals.ConsumerCoordinator  : [Consumer clientId=consumer-file-group-1, groupId=file-group] Discovered group coordinator localhost:9092 (id: 2147483646 rack: null)
2026-04-03T22:23:59.298+05:30  INFO 3512 --- [batch-process] [org.springframework.kafka.KafkaListenerEndpointContainer#0-0-C-1] o.a.k.c.c.internals.ConsumerCoordinator  : [Consumer clientId=consumer-file-group-1, groupId=file-group] Request joining group due to: rebalance failed due to 'This is not the correct coordinator.' (NotCoordinatorException)
2026-04-03T22:23:59.299+05:30  INFO 3512 --- [batch-process] [org.springframework.kafka.KafkaListenerEndpointContainer#0-0-C-1] o.a.k.c.c.internals.ConsumerCoordinator  : [Consumer clientId=consumer-file-group-1, groupId=file-group] (Re-)joining group
2026-04-03T22:23:59.307+05:30  INFO 3512 --- [batch-process] [org.springframework.kafka.KafkaListenerEndpointContainer#0-0-C-1] o.a.k.c.c.internals.ConsumerCoordinator  : [Consumer clientId=consumer-file-group-1, groupId=file-group] Group coordinator localhost:9092 (id: 2147483646 rack: null) is unavailable or invalid due to cause: error response NOT_COORDINATOR. isDisconnected: false. Rediscovery will be attempted.
2026-04-03T22:23:59.309+05:30  INFO 3512 --- [batch-process] [org.springframework.kafka.KafkaListenerEndpointContainer#0-0-C-1] o.a.k.c.c.internals.ConsumerCoordinator  : [Consumer clientId=consumer-file-group-1, groupId=file-group] Requesting disconnect from last known coordinator localhost:9092 (id: 2147483646 rack: null)
2026-04-03T22:23:59.309+05:30  INFO 3512 --- [batch-process] [org.springframework.kafka.KafkaListenerEndpointContainer#0-0-C-1] o.a.k.c.c.internals.ConsumerCoordinator  : [Consumer clientId=consumer-file-group-1, groupId=file-group] JoinGroup failed: This is not the correct coordinator. Marking coordinator unknown. Sent generation was Generation{generationId=-1, memberId='', protocol='null'}
2026-04-03T22:23:59.310+05:30  INFO 3512 --- [batch-process] [org.springframework.kafka.KafkaListenerEndpointContainer#0-0-C-1] org.apache.kafka.clients.NetworkClient   : [Consumer clientId=consumer-file-group-1, groupId=file-group] Client requested disconnect from node 2147483646
2026-04-03T22:23:59.315+05:30  INFO 3512 --- [batch-process] [org.springframework.kafka.KafkaListenerEndpointContainer#0-0-C-1] o.a.k.c.c.internals.ConsumerCoordinator  : [Consumer clientId=consumer-file-group-1, groupId=file-group] Discovered group coordinator localhost:9092 (id: 2147483646 rack: null)
2026-04-03T22:23:59.317+05:30  INFO 3512 --- [batch-process] [org.springframework.kafka.KafkaListenerEndpointContainer#0-0-C-1] o.a.k.c.c.internals.ConsumerCoordinator  : [Consumer clientId=consumer-file-group-1, groupId=file-group] Group coordinator localhost:9092 (id: 2147483646 rack: null) is unavailable or invalid due to cause: coordinator unavailable. isDisconnected: false. Rediscovery will be attempted.
2026-04-03T22:23:59.317+05:30  INFO 3512 --- [batch-process] [org.springframework.kafka.KafkaListenerEndpointContainer#0-0-C-1] o.a.k.c.c.internals.ConsumerCoordinator  : [Consumer clientId=consumer-file-group-1, groupId=file-group] Requesting disconnect from last known coordinator localhost:9092 (id: 2147483646 rack: null)
2026-04-03T22:23:59.439+05:30  INFO 3512 --- [batch-process] [org.springframework.kafka.KafkaListenerEndpointContainer#0-0-C-1] o.a.k.c.c.internals.ConsumerCoordinator  : [Consumer clientId=consumer-file-group-1, groupId=file-group] Discovered group coordinator localhost:9092 (id: 2147483646 rack: null)
2026-04-03T22:23:59.441+05:30  INFO 3512 --- [batch-process] [org.springframework.kafka.KafkaListenerEndpointContainer#0-0-C-1] o.a.k.c.c.internals.ConsumerCoordinator  : [Consumer clientId=consumer-file-group-1, groupId=file-group] Request joining group due to: rebalance failed due to 'This is not the correct coordinator.' (NotCoordinatorException)
2026-04-03T22:23:59.442+05:30  INFO 3512 --- [batch-process] [org.springframework.kafka.KafkaListenerEndpointContainer#0-0-C-1] o.a.k.c.c.internals.ConsumerCoordinator  : [Consumer clientId=consumer-file-group-1, groupId=file-group] (Re-)joining group
2026-04-03T22:23:59.444+05:30  INFO 3512 --- [batch-process] [org.springframework.kafka.KafkaListenerEndpointContainer#0-0-C-1] o.a.k.c.c.internals.ConsumerCoordinator  : [Consumer clientId=consumer-file-group-1, groupId=file-group] Group coordinator localhost:9092 (id: 2147483646 rack: null) is unavailable or invalid due to cause: error response NOT_COORDINATOR. isDisconnected: false. Rediscovery will be attempted.
2026-04-03T22:23:59.445+05:30  INFO 3512 --- [batch-process] [org.springframework.kafka.KafkaListenerEndpointContainer#0-0-C-1] o.a.k.c.c.internals.ConsumerCoordinator  : [Consumer clientId=consumer-file-group-1, groupId=file-group] Requesting disconnect from last known coordinator localhost:9092 (id: 2147483646 rack: null)
2026-04-03T22:23:59.445+05:30  INFO 3512 --- [batch-process] [org.springframework.kafka.KafkaListenerEndpointContainer#0-0-C-1] o.a.k.c.c.internals.ConsumerCoordinator  : [Consumer clientId=consumer-file-group-1, groupId=file-group] JoinGroup failed: This is not the correct coordinator. Marking coordinator unknown. Sent generation was Generation{generationId=-1, memberId='', protocol='null'}
2026-04-03T22:23:59.445+05:30  INFO 3512 --- [batch-process] [org.springframework.kafka.KafkaListenerEndpointContainer#0-0-C-1] org.apache.kafka.clients.NetworkClient   : [Consumer clientId=consumer-file-group-1, groupId=file-group] Client requested disconnect from node 2147483646
2026-04-03T22:23:59.448+05:30  INFO 3512 --- [batch-process] [org.springframework.kafka.KafkaListenerEndpointContainer#0-0-C-1] o.a.k.c.c.internals.ConsumerCoordinator  : [Consumer clientId=consumer-file-group-1, groupId=file-group] Discovered group coordinator localhost:9092 (id: 2147483646 rack: null)
2026-04-03T22:23:59.448+05:30  INFO 3512 --- [batch-process] [org.springframework.kafka.KafkaListenerEndpointContainer#0-0-C-1] o.a.k.c.c.internals.ConsumerCoordinator  : [Consumer clientId=consumer-file-group-1, groupId=file-group] Group coordinator localhost:9092 (id: 2147483646 rack: null) is unavailable or invalid due to cause: coordinator unavailable. isDisconnected: false. Rediscovery will be attempted.
2026-04-03T22:23:59.448+05:30  INFO 3512 --- [batch-process] [org.springframework.kafka.KafkaListenerEndpointContainer#0-0-C-1] o.a.k.c.c.internals.ConsumerCoordinator  : [Consumer clientId=consumer-file-group-1, groupId=file-group] Requesting disconnect from last known coordinator localhost:9092 (id: 2147483646 rack: null)
2026-04-03T22:23:59.547+05:30  INFO 3512 --- [batch-process] [org.springframework.kafka.KafkaListenerEndpointContainer#0-0-C-1] o.a.k.c.c.internals.ConsumerCoordinator  : [Consumer clientId=consumer-file-group-1, groupId=file-group] Discovered group coordinator localhost:9092 (id: 2147483646 rack: null)
2026-04-03T22:23:59.550+05:30  INFO 3512 --- [batch-process] [org.springframework.kafka.KafkaListenerEndpointContainer#0-0-C-1] o.a.k.c.c.internals.ConsumerCoordinator  : [Consumer clientId=consumer-file-group-1, groupId=file-group] Request joining group due to: rebalance failed due to 'This is not the correct coordinator.' (NotCoordinatorException)
2026-04-03T22:23:59.552+05:30  INFO 3512 --- [batch-process] [org.springframework.kafka.KafkaListenerEndpointContainer#0-0-C-1] o.a.k.c.c.internals.ConsumerCoordinator  : [Consumer clientId=consumer-file-group-1, groupId=file-group] (Re-)joining group
2026-04-03T22:23:59.573+05:30  INFO 3512 --- [batch-process] [org.springframework.kafka.KafkaListenerEndpointContainer#0-0-C-1] o.a.k.c.c.internals.ConsumerCoordinator  : [Consumer clientId=consumer-file-group-1, groupId=file-group] Group coordinator localhost:9092 (id: 2147483646 rack: null) is unavailable or invalid due to cause: error response NOT_COORDINATOR. isDisconnected: false. Rediscovery will be attempted.
2026-04-03T22:23:59.574+05:30  INFO 3512 --- [batch-process] [org.springframework.kafka.KafkaListenerEndpointContainer#0-0-C-1] o.a.k.c.c.internals.ConsumerCoordinator  : [Consumer clientId=consumer-file-group-1, groupId=file-group] Requesting disconnect from last known coordinator localhost:9092 (id: 2147483646 rack: null)
2026-04-03T22:23:59.574+05:30  INFO 3512 --- [batch-process] [org.springframework.kafka.KafkaListenerEndpointContainer#0-0-C-1] o.a.k.c.c.internals.ConsumerCoordinator  : [Consumer clientId=consumer-file-group-1, groupId=file-group] JoinGroup failed: This is not the correct coordinator. Marking coordinator unknown. Sent generation was Generation{generationId=-1, memberId='', protocol='null'}
2026-04-03T22:23:59.575+05:30  INFO 3512 --- [batch-process] [org.springframework.kafka.KafkaListenerEndpointContainer#0-0-C-1] org.apache.kafka.clients.NetworkClient   : [Consumer clientId=consumer-file-group-1, groupId=file-group] Client requested disconnect from node 2147483646
2026-04-03T22:23:59.582+05:30  INFO 3512 --- [batch-process] [org.springframework.kafka.KafkaListenerEndpointContainer#0-0-C-1] o.a.k.c.c.internals.ConsumerCoordinator  : [Consumer clientId=consumer-file-group-1, groupId=file-group] Discovered group coordinator localhost:9092 (id: 2147483646 rack: null)
2026-04-03T22:23:59.586+05:30  INFO 3512 --- [batch-process] [org.springframework.kafka.KafkaListenerEndpointContainer#0-0-C-1] o.a.k.c.c.internals.ConsumerCoordinator  : [Consumer clientId=consumer-file-group-1, groupId=file-group] Group coordinator localhost:9092 (id: 2147483646 rack: null) is unavailable or invalid due to cause: coordinator unavailable. isDisconnected: false. Rediscovery will be attempted.
2026-04-03T22:23:59.586+05:30  INFO 3512 --- [batch-process] [org.springframework.kafka.KafkaListenerEndpointContainer#0-0-C-1] o.a.k.c.c.internals.ConsumerCoordinator  : [Consumer clientId=consumer-file-group-1, groupId=file-group] Requesting disconnect from last known coordinator localhost:9092 (id: 2147483646 rack: null)
2026-04-03T22:23:59.671+05:30  INFO 3512 --- [batch-process] [org.springframework.kafka.KafkaListenerEndpointContainer#0-0-C-1] o.a.k.c.c.internals.ConsumerCoordinator  : [Consumer clientId=consumer-file-group-1, groupId=file-group] Discovered group coordinator localhost:9092 (id: 2147483646 rack: null)
2026-04-03T22:23:59.674+05:30  INFO 3512 --- [batch-process] [org.springframework.kafka.KafkaListenerEndpointContainer#0-0-C-1] o.a.k.c.c.internals.ConsumerCoordinator  : [Consumer clientId=consumer-file-group-1, groupId=file-group] Request joining group due to: rebalance failed due to 'This is not the correct coordinator.' (NotCoordinatorException)
2026-04-03T22:23:59.675+05:30  INFO 3512 --- [batch-process] [org.springframework.kafka.KafkaListenerEndpointContainer#0-0-C-1] o.a.k.c.c.internals.ConsumerCoordinator  : [Consumer clientId=consumer-file-group-1, groupId=file-group] (Re-)joining group
2026-04-03T22:23:59.680+05:30  INFO 3512 --- [batch-process] [org.springframework.kafka.KafkaListenerEndpointContainer#0-0-C-1] o.a.k.c.c.internals.ConsumerCoordinator  : [Consumer clientId=consumer-file-group-1, groupId=file-group] Group coordinator localhost:9092 (id: 2147483646 rack: null) is unavailable or invalid due to cause: error response NOT_COORDINATOR. isDisconnected: false. Rediscovery will be attempted.
2026-04-03T22:23:59.680+05:30  INFO 3512 --- [batch-process] [org.springframework.kafka.KafkaListenerEndpointContainer#0-0-C-1] o.a.k.c.c.internals.ConsumerCoordinator  : [Consumer clientId=consumer-file-group-1, groupId=file-group] Requesting disconnect from last known coordinator localhost:9092 (id: 2147483646 rack: null)
2026-04-03T22:23:59.680+05:30  INFO 3512 --- [batch-process] [org.springframework.kafka.KafkaListenerEndpointContainer#0-0-C-1] o.a.k.c.c.internals.ConsumerCoordinator  : [Consumer clientId=consumer-file-group-1, groupId=file-group] JoinGroup failed: This is not the correct coordinator. Marking coordinator unknown. Sent generation was Generation{generationId=-1, memberId='', protocol='null'}
2026-04-03T22:23:59.680+05:30  INFO 3512 --- [batch-process] [org.springframework.kafka.KafkaListenerEndpointContainer#0-0-C-1] org.apache.kafka.clients.NetworkClient   : [Consumer clientId=consumer-file-group-1, groupId=file-group] Client requested disconnect from node 2147483646
2026-04-03T22:23:59.685+05:30  INFO 3512 --- [batch-process] [org.springframework.kafka.KafkaListenerEndpointContainer#0-0-C-1] o.a.k.c.c.internals.ConsumerCoordinator  : [Consumer clientId=consumer-file-group-1, groupId=file-group] Discovered group coordinator localhost:9092 (id: 2147483646 rack: null)
2026-04-03T22:23:59.686+05:30  INFO 3512 --- [batch-process] [org.springframework.kafka.KafkaListenerEndpointContainer#0-0-C-1] o.a.k.c.c.internals.ConsumerCoordinator  : [Consumer clientId=consumer-file-group-1, groupId=file-group] Group coordinator localhost:9092 (id: 2147483646 rack: null) is unavailable or invalid due to cause: coordinator unavailable. isDisconnected: false. Rediscovery will be attempted.
2026-04-03T22:23:59.686+05:30  INFO 3512 --- [batch-process] [org.springframework.kafka.KafkaListenerEndpointContainer#0-0-C-1] o.a.k.c.c.internals.ConsumerCoordinator  : [Consumer clientId=consumer-file-group-1, groupId=file-group] Requesting disconnect from last known coordinator localhost:9092 (id: 2147483646 rack: null)
2026-04-03T22:23:59.803+05:30  INFO 3512 --- [batch-process] [org.springframework.kafka.KafkaListenerEndpointContainer#0-0-C-1] o.a.k.c.c.internals.ConsumerCoordinator  : [Consumer clientId=consumer-file-group-1, groupId=file-group] Discovered group coordinator localhost:9092 (id: 2147483646 rack: null)
2026-04-03T22:23:59.804+05:30  INFO 3512 --- [batch-process] [org.springframework.kafka.KafkaListenerEndpointContainer#0-0-C-1] o.a.k.c.c.internals.ConsumerCoordinator  : [Consumer clientId=consumer-file-group-1, groupId=file-group] Request joining group due to: rebalance failed due to 'This is not the correct coordinator.' (NotCoordinatorException)
2026-04-03T22:23:59.804+05:30  INFO 3512 --- [batch-process] [org.springframework.kafka.KafkaListenerEndpointContainer#0-0-C-1] o.a.k.c.c.internals.ConsumerCoordinator  : [Consumer clientId=consumer-file-group-1, groupId=file-group] (Re-)joining group
2026-04-03T22:23:59.808+05:30  INFO 3512 --- [batch-process] [org.springframework.kafka.KafkaListenerEndpointContainer#0-0-C-1] o.a.k.c.c.internals.ConsumerCoordinator  : [Consumer clientId=consumer-file-group-1, groupId=file-group] Group coordinator localhost:9092 (id: 2147483646 rack: null) is unavailable or invalid due to cause: error response NOT_COORDINATOR. isDisconnected: false. Rediscovery will be attempted.
2026-04-03T22:23:59.808+05:30  INFO 3512 --- [batch-process] [org.springframework.kafka.KafkaListenerEndpointContainer#0-0-C-1] o.a.k.c.c.internals.ConsumerCoordinator  : [Consumer clientId=consumer-file-group-1, groupId=file-group] Requesting disconnect from last known coordinator localhost:9092 (id: 2147483646 rack: null)
2026-04-03T22:23:59.808+05:30  INFO 3512 --- [batch-process] [org.springframework.kafka.KafkaListenerEndpointContainer#0-0-C-1] o.a.k.c.c.internals.ConsumerCoordinator  : [Consumer clientId=consumer-file-group-1, groupId=file-group] JoinGroup failed: This is not the correct coordinator. Marking coordinator unknown. Sent generation was Generation{generationId=-1, memberId='', protocol='null'}
2026-04-03T22:23:59.808+05:30  INFO 3512 --- [batch-process] [org.springframework.kafka.KafkaListenerEndpointContainer#0-0-C-1] org.apache.kafka.clients.NetworkClient   : [Consumer clientId=consumer-file-group-1, groupId=file-group] Client requested disconnect from node 2147483646
2026-04-03T22:23:59.812+05:30  INFO 3512 --- [batch-process] [org.springframework.kafka.KafkaListenerEndpointContainer#0-0-C-1] o.a.k.c.c.internals.ConsumerCoordinator  : [Consumer clientId=consumer-file-group-1, groupId=file-group] Discovered group coordinator localhost:9092 (id: 2147483646 rack: null)
2026-04-03T22:23:59.812+05:30  INFO 3512 --- [batch-process] [org.springframework.kafka.KafkaListenerEndpointContainer#0-0-C-1] o.a.k.c.c.internals.ConsumerCoordinator  : [Consumer clientId=consumer-file-group-1, groupId=file-group] Group coordinator localhost:9092 (id: 2147483646 rack: null) is unavailable or invalid due to cause: coordinator unavailable. isDisconnected: false. Rediscovery will be attempted.
2026-04-03T22:23:59.812+05:30  INFO 3512 --- [batch-process] [org.springframework.kafka.KafkaListenerEndpointContainer#0-0-C-1] o.a.k.c.c.internals.ConsumerCoordinator  : [Consumer clientId=consumer-file-group-1, groupId=file-group] Requesting disconnect from last known coordinator localhost:9092 (id: 2147483646 rack: null)
2026-04-03T22:23:59.929+05:30  INFO 3512 --- [batch-process] [org.springframework.kafka.KafkaListenerEndpointContainer#0-0-C-1] o.a.k.c.c.internals.ConsumerCoordinator  : [Consumer clientId=consumer-file-group-1, groupId=file-group] Discovered group coordinator localhost:9092 (id: 2147483646 rack: null)
2026-04-03T22:23:59.930+05:30  INFO 3512 --- [batch-process] [org.springframework.kafka.KafkaListenerEndpointContainer#0-0-C-1] o.a.k.c.c.internals.ConsumerCoordinator  : [Consumer clientId=consumer-file-group-1, groupId=file-group] Request joining group due to: rebalance failed due to 'This is not the correct coordinator.' (NotCoordinatorException)
2026-04-03T22:23:59.931+05:30  INFO 3512 --- [batch-process] [org.springframework.kafka.KafkaListenerEndpointContainer#0-0-C-1] o.a.k.c.c.internals.ConsumerCoordinator  : [Consumer clientId=consumer-file-group-1, groupId=file-group] (Re-)joining group
2026-04-03T22:23:59.936+05:30  INFO 3512 --- [batch-process] [org.springframework.kafka.KafkaListenerEndpointContainer#0-0-C-1] o.a.k.c.c.internals.ConsumerCoordinator  : [Consumer clientId=consumer-file-group-1, groupId=file-group] Group coordinator localhost:9092 (id: 2147483646 rack: null) is unavailable or invalid due to cause: error response NOT_COORDINATOR. isDisconnected: false. Rediscovery will be attempted.
2026-04-03T22:23:59.936+05:30  INFO 3512 --- [batch-process] [org.springframework.kafka.KafkaListenerEndpointContainer#0-0-C-1] o.a.k.c.c.internals.ConsumerCoordinator  : [Consumer clientId=consumer-file-group-1, groupId=file-group] Requesting disconnect from last known coordinator localhost:9092 (id: 2147483646 rack: null)
2026-04-03T22:23:59.936+05:30  INFO 3512 --- [batch-process] [org.springframework.kafka.KafkaListenerEndpointContainer#0-0-C-1] o.a.k.c.c.internals.ConsumerCoordinator  : [Consumer clientId=consumer-file-group-1, groupId=file-group] JoinGroup failed: This is not the correct coordinator. Marking coordinator unknown. Sent generation was Generation{generationId=-1, memberId='', protocol='null'}
2026-04-03T22:23:59.936+05:30  INFO 3512 --- [batch-process] [org.springframework.kafka.KafkaListenerEndpointContainer#0-0-C-1] org.apache.kafka.clients.NetworkClient   : [Consumer clientId=consumer-file-group-1, groupId=file-group] Client requested disconnect from node 2147483646
2026-04-03T22:23:59.939+05:30  INFO 3512 --- [batch-process] [org.springframework.kafka.KafkaListenerEndpointContainer#0-0-C-1] o.a.k.c.c.internals.ConsumerCoordinator  : [Consumer clientId=consumer-file-group-1, groupId=file-group] Discovered group coordinator localhost:9092 (id: 2147483646 rack: null)
2026-04-03T22:23:59.940+05:30  INFO 3512 --- [batch-process] [org.springframework.kafka.KafkaListenerEndpointContainer#0-0-C-1] o.a.k.c.c.internals.ConsumerCoordinator  : [Consumer clientId=consumer-file-group-1, groupId=file-group] Group coordinator localhost:9092 (id: 2147483646 rack: null) is unavailable or invalid due to cause: coordinator unavailable. isDisconnected: false. Rediscovery will be attempted.
2026-04-03T22:23:59.940+05:30  INFO 3512 --- [batch-process] [org.springframework.kafka.KafkaListenerEndpointContainer#0-0-C-1] o.a.k.c.c.internals.ConsumerCoordinator  : [Consumer clientId=consumer-file-group-1, groupId=file-group] Requesting disconnect from last known coordinator localhost:9092 (id: 2147483646 rack: null)
2026-04-03T22:24:00.057+05:30  INFO 3512 --- [batch-process] [org.springframework.kafka.KafkaListenerEndpointContainer#0-0-C-1] o.a.k.c.c.internals.ConsumerCoordinator  : [Consumer clientId=consumer-file-group-1, groupId=file-group] Discovered group coordinator localhost:9092 (id: 2147483646 rack: null)
2026-04-03T22:24:00.058+05:30  INFO 3512 --- [batch-process] [org.springframework.kafka.KafkaListenerEndpointContainer#0-0-C-1] o.a.k.c.c.internals.ConsumerCoordinator  : [Consumer clientId=consumer-file-group-1, groupId=file-group] Request joining group due to: rebalance failed due to 'This is not the correct coordinator.' (NotCoordinatorException)
2026-04-03T22:24:00.059+05:30  INFO 3512 --- [batch-process] [org.springframework.kafka.KafkaListenerEndpointContainer#0-0-C-1] o.a.k.c.c.internals.ConsumerCoordinator  : [Consumer clientId=consumer-file-group-1, groupId=file-group] (Re-)joining group
2026-04-03T22:24:00.063+05:30  INFO 3512 --- [batch-process] [org.springframework.kafka.KafkaListenerEndpointContainer#0-0-C-1] o.a.k.c.c.internals.ConsumerCoordinator  : [Consumer clientId=consumer-file-group-1, groupId=file-group] Group coordinator localhost:9092 (id: 2147483646 rack: null) is unavailable or invalid due to cause: error response NOT_COORDINATOR. isDisconnected: false. Rediscovery will be attempted.
2026-04-03T22:24:00.063+05:30  INFO 3512 --- [batch-process] [org.springframework.kafka.KafkaListenerEndpointContainer#0-0-C-1] o.a.k.c.c.internals.ConsumerCoordinator  : [Consumer clientId=consumer-file-group-1, groupId=file-group] Requesting disconnect from last known coordinator localhost:9092 (id: 2147483646 rack: null)
2026-04-03T22:24:00.063+05:30  INFO 3512 --- [batch-process] [org.springframework.kafka.KafkaListenerEndpointContainer#0-0-C-1] o.a.k.c.c.internals.ConsumerCoordinator  : [Consumer clientId=consumer-file-group-1, groupId=file-group] JoinGroup failed: This is not the correct coordinator. Marking coordinator unknown. Sent generation was Generation{generationId=-1, memberId='', protocol='null'}
2026-04-03T22:24:00.063+05:30  INFO 3512 --- [batch-process] [org.springframework.kafka.KafkaListenerEndpointContainer#0-0-C-1] org.apache.kafka.clients.NetworkClient   : [Consumer clientId=consumer-file-group-1, groupId=file-group] Client requested disconnect from node 2147483646
2026-04-03T22:24:00.066+05:30  INFO 3512 --- [batch-process] [org.springframework.kafka.KafkaListenerEndpointContainer#0-0-C-1] o.a.k.c.c.internals.ConsumerCoordinator  : [Consumer clientId=consumer-file-group-1, groupId=file-group] Discovered group coordinator localhost:9092 (id: 2147483646 rack: null)
2026-04-03T22:24:00.066+05:30  INFO 3512 --- [batch-process] [org.springframework.kafka.KafkaListenerEndpointContainer#0-0-C-1] o.a.k.c.c.internals.ConsumerCoordinator  : [Consumer clientId=consumer-file-group-1, groupId=file-group] Group coordinator localhost:9092 (id: 2147483646 rack: null) is unavailable or invalid due to cause: coordinator unavailable. isDisconnected: false. Rediscovery will be attempted.
2026-04-03T22:24:00.066+05:30  INFO 3512 --- [batch-process] [org.springframework.kafka.KafkaListenerEndpointContainer#0-0-C-1] o.a.k.c.c.internals.ConsumerCoordinator  : [Consumer clientId=consumer-file-group-1, groupId=file-group] Requesting disconnect from last known coordinator localhost:9092 (id: 2147483646 rack: null)
2026-04-03T22:24:00.161+05:30  INFO 3512 --- [batch-process] [org.springframework.kafka.KafkaListenerEndpointContainer#0-0-C-1] o.a.k.c.c.internals.ConsumerCoordinator  : [Consumer clientId=consumer-file-group-1, groupId=file-group] Discovered group coordinator localhost:9092 (id: 2147483646 rack: null)
2026-04-03T22:24:00.163+05:30  INFO 3512 --- [batch-process] [org.springframework.kafka.KafkaListenerEndpointContainer#0-0-C-1] o.a.k.c.c.internals.ConsumerCoordinator  : [Consumer clientId=consumer-file-group-1, groupId=file-group] Request joining group due to: rebalance failed due to 'This is not the correct coordinator.' (NotCoordinatorException)
2026-04-03T22:24:00.164+05:30  INFO 3512 --- [batch-process] [org.springframework.kafka.KafkaListenerEndpointContainer#0-0-C-1] o.a.k.c.c.internals.ConsumerCoordinator  : [Consumer clientId=consumer-file-group-1, groupId=file-group] (Re-)joining group
2026-04-03T22:24:00.167+05:30  INFO 3512 --- [batch-process] [org.springframework.kafka.KafkaListenerEndpointContainer#0-0-C-1] o.a.k.c.c.internals.ConsumerCoordinator  : [Consumer clientId=consumer-file-group-1, groupId=file-group] Group coordinator localhost:9092 (id: 2147483646 rack: null) is unavailable or invalid due to cause: error response NOT_COORDINATOR. isDisconnected: false. Rediscovery will be attempted.
2026-04-03T22:24:00.167+05:30  INFO 3512 --- [batch-process] [org.springframework.kafka.KafkaListenerEndpointContainer#0-0-C-1] o.a.k.c.c.internals.ConsumerCoordinator  : [Consumer clientId=consumer-file-group-1, groupId=file-group] Requesting disconnect from last known coordinator localhost:9092 (id: 2147483646 rack: null)
2026-04-03T22:24:00.168+05:30  INFO 3512 --- [batch-process] [org.springframework.kafka.KafkaListenerEndpointContainer#0-0-C-1] o.a.k.c.c.internals.ConsumerCoordinator  : [Consumer clientId=consumer-file-group-1, groupId=file-group] JoinGroup failed: This is not the correct coordinator. Marking coordinator unknown. Sent generation was Generation{generationId=-1, memberId='', protocol='null'}
2026-04-03T22:24:00.168+05:30  INFO 3512 --- [batch-process] [org.springframework.kafka.KafkaListenerEndpointContainer#0-0-C-1] org.apache.kafka.clients.NetworkClient   : [Consumer clientId=consumer-file-group-1, groupId=file-group] Client requested disconnect from node 2147483646
2026-04-03T22:24:00.169+05:30  INFO 3512 --- [batch-process] [org.springframework.kafka.KafkaListenerEndpointContainer#0-0-C-1] o.a.k.c.c.internals.ConsumerCoordinator  : [Consumer clientId=consumer-file-group-1, groupId=file-group] Discovered group coordinator localhost:9092 (id: 2147483646 rack: null)
2026-04-03T22:24:00.170+05:30  INFO 3512 --- [batch-process] [org.springframework.kafka.KafkaListenerEndpointContainer#0-0-C-1] o.a.k.c.c.internals.ConsumerCoordinator  : [Consumer clientId=consumer-file-group-1, groupId=file-group] Group coordinator localhost:9092 (id: 2147483646 rack: null) is unavailable or invalid due to cause: coordinator unavailable. isDisconnected: false. Rediscovery will be attempted.
2026-04-03T22:24:00.170+05:30  INFO 3512 --- [batch-process] [org.springframework.kafka.KafkaListenerEndpointContainer#0-0-C-1] o.a.k.c.c.internals.ConsumerCoordinator  : [Consumer clientId=consumer-file-group-1, groupId=file-group] Requesting disconnect from last known coordinator localhost:9092 (id: 2147483646 rack: null)
2026-04-03T22:24:00.272+05:30  INFO 3512 --- [batch-process] [org.springframework.kafka.KafkaListenerEndpointContainer#0-0-C-1] o.a.k.c.c.internals.ConsumerCoordinator  : [Consumer clientId=consumer-file-group-1, groupId=file-group] Discovered group coordinator localhost:9092 (id: 2147483646 rack: null)
2026-04-03T22:24:00.277+05:30  INFO 3512 --- [batch-process] [org.springframework.kafka.KafkaListenerEndpointContainer#0-0-C-1] o.a.k.c.c.internals.ConsumerCoordinator  : [Consumer clientId=consumer-file-group-1, groupId=file-group] Request joining group due to: rebalance failed due to 'This is not the correct coordinator.' (NotCoordinatorException)
2026-04-03T22:24:00.279+05:30  INFO 3512 --- [batch-process] [org.springframework.kafka.KafkaListenerEndpointContainer#0-0-C-1] o.a.k.c.c.internals.ConsumerCoordinator  : [Consumer clientId=consumer-file-group-1, groupId=file-group] (Re-)joining group
2026-04-03T22:24:00.288+05:30  INFO 3512 --- [batch-process] [org.springframework.kafka.KafkaListenerEndpointContainer#0-0-C-1] o.a.k.c.c.internals.ConsumerCoordinator  : [Consumer clientId=consumer-file-group-1, groupId=file-group] Group coordinator localhost:9092 (id: 2147483646 rack: null) is unavailable or invalid due to cause: error response NOT_COORDINATOR. isDisconnected: false. Rediscovery will be attempted.
2026-04-03T22:24:00.289+05:30  INFO 3512 --- [batch-process] [org.springframework.kafka.KafkaListenerEndpointContainer#0-0-C-1] o.a.k.c.c.internals.ConsumerCoordinator  : [Consumer clientId=consumer-file-group-1, groupId=file-group] Requesting disconnect from last known coordinator localhost:9092 (id: 2147483646 rack: null)
2026-04-03T22:24:00.289+05:30  INFO 3512 --- [batch-process] [org.springframework.kafka.KafkaListenerEndpointContainer#0-0-C-1] o.a.k.c.c.internals.ConsumerCoordinator  : [Consumer clientId=consumer-file-group-1, groupId=file-group] JoinGroup failed: This is not the correct coordinator. Marking coordinator unknown. Sent generation was Generation{generationId=-1, memberId='', protocol='null'}
2026-04-03T22:24:00.290+05:30  INFO 3512 --- [batch-process] [org.springframework.kafka.KafkaListenerEndpointContainer#0-0-C-1] org.apache.kafka.clients.NetworkClient   : [Consumer clientId=consumer-file-group-1, groupId=file-group] Client requested disconnect from node 2147483646
2026-04-03T22:24:00.294+05:30  INFO 3512 --- [batch-process] [org.springframework.kafka.KafkaListenerEndpointContainer#0-0-C-1] o.a.k.c.c.internals.ConsumerCoordinator  : [Consumer clientId=consumer-file-group-1, groupId=file-group] Discovered group coordinator localhost:9092 (id: 2147483646 rack: null)
2026-04-03T22:24:00.295+05:30  INFO 3512 --- [batch-process] [org.springframework.kafka.KafkaListenerEndpointContainer#0-0-C-1] o.a.k.c.c.internals.ConsumerCoordinator  : [Consumer clientId=consumer-file-group-1, groupId=file-group] Group coordinator localhost:9092 (id: 2147483646 rack: null) is unavailable or invalid due to cause: coordinator unavailable. isDisconnected: false. Rediscovery will be attempted.
2026-04-03T22:24:00.295+05:30  INFO 3512 --- [batch-process] [org.springframework.kafka.KafkaListenerEndpointContainer#0-0-C-1] o.a.k.c.c.internals.ConsumerCoordinator  : [Consumer clientId=consumer-file-group-1, groupId=file-group] Requesting disconnect from last known coordinator localhost:9092 (id: 2147483646 rack: null)
2026-04-03T22:24:00.419+05:30  INFO 3512 --- [batch-process] [org.springframework.kafka.KafkaListenerEndpointContainer#0-0-C-1] o.a.k.c.c.internals.ConsumerCoordinator  : [Consumer clientId=consumer-file-group-1, groupId=file-group] Discovered group coordinator localhost:9092 (id: 2147483646 rack: null)
2026-04-03T22:24:00.425+05:30  INFO 3512 --- [batch-process] [org.springframework.kafka.KafkaListenerEndpointContainer#0-0-C-1] o.a.k.c.c.internals.ConsumerCoordinator  : [Consumer clientId=consumer-file-group-1, groupId=file-group] Request joining group due to: rebalance failed due to 'This is not the correct coordinator.' (NotCoordinatorException)
2026-04-03T22:24:00.427+05:30  INFO 3512 --- [batch-process] [org.springframework.kafka.KafkaListenerEndpointContainer#0-0-C-1] o.a.k.c.c.internals.ConsumerCoordinator  : [Consumer clientId=consumer-file-group-1, groupId=file-group] (Re-)joining group
2026-04-03T22:24:00.433+05:30  INFO 3512 --- [batch-process] [org.springframework.kafka.KafkaListenerEndpointContainer#0-0-C-1] o.a.k.c.c.internals.ConsumerCoordinator  : [Consumer clientId=consumer-file-group-1, groupId=file-group] Group coordinator localhost:9092 (id: 2147483646 rack: null) is unavailable or invalid due to cause: error response NOT_COORDINATOR. isDisconnected: false. Rediscovery will be attempted.
2026-04-03T22:24:00.434+05:30  INFO 3512 --- [batch-process] [org.springframework.kafka.KafkaListenerEndpointContainer#0-0-C-1] o.a.k.c.c.internals.ConsumerCoordinator  : [Consumer clientId=consumer-file-group-1, groupId=file-group] Requesting disconnect from last known coordinator localhost:9092 (id: 2147483646 rack: null)
2026-04-03T22:24:00.434+05:30  INFO 3512 --- [batch-process] [org.springframework.kafka.KafkaListenerEndpointContainer#0-0-C-1] o.a.k.c.c.internals.ConsumerCoordinator  : [Consumer clientId=consumer-file-group-1, groupId=file-group] JoinGroup failed: This is not the correct coordinator. Marking coordinator unknown. Sent generation was Generation{generationId=-1, memberId='', protocol='null'}
2026-04-03T22:24:00.434+05:30  INFO 3512 --- [batch-process] [org.springframework.kafka.KafkaListenerEndpointContainer#0-0-C-1] org.apache.kafka.clients.NetworkClient   : [Consumer clientId=consumer-file-group-1, groupId=file-group] Client requested disconnect from node 2147483646
2026-04-03T22:24:00.442+05:30  INFO 3512 --- [batch-process] [org.springframework.kafka.KafkaListenerEndpointContainer#0-0-C-1] o.a.k.c.c.internals.ConsumerCoordinator  : [Consumer clientId=consumer-file-group-1, groupId=file-group] Discovered group coordinator localhost:9092 (id: 2147483646 rack: null)
2026-04-03T22:24:00.442+05:30  INFO 3512 --- [batch-process] [org.springframework.kafka.KafkaListenerEndpointContainer#0-0-C-1] o.a.k.c.c.internals.ConsumerCoordinator  : [Consumer clientId=consumer-file-group-1, groupId=file-group] Group coordinator localhost:9092 (id: 2147483646 rack: null) is unavailable or invalid due to cause: coordinator unavailable. isDisconnected: false. Rediscovery will be attempted.
2026-04-03T22:24:00.443+05:30  INFO 3512 --- [batch-process] [org.springframework.kafka.KafkaListenerEndpointContainer#0-0-C-1] o.a.k.c.c.internals.ConsumerCoordinator  : [Consumer clientId=consumer-file-group-1, groupId=file-group] Requesting disconnect from last known coordinator localhost:9092 (id: 2147483646 rack: null)
2026-04-03T22:24:00.542+05:30  INFO 3512 --- [batch-process] [org.springframework.kafka.KafkaListenerEndpointContainer#0-0-C-1] o.a.k.c.c.internals.ConsumerCoordinator  : [Consumer clientId=consumer-file-group-1, groupId=file-group] Discovered group coordinator localhost:9092 (id: 2147483646 rack: null)
2026-04-03T22:24:00.543+05:30  INFO 3512 --- [batch-process] [org.springframework.kafka.KafkaListenerEndpointContainer#0-0-C-1] o.a.k.c.c.internals.ConsumerCoordinator  : [Consumer clientId=consumer-file-group-1, groupId=file-group] Request joining group due to: rebalance failed due to 'This is not the correct coordinator.' (NotCoordinatorException)
2026-04-03T22:24:00.543+05:30  INFO 3512 --- [batch-process] [org.springframework.kafka.KafkaListenerEndpointContainer#0-0-C-1] o.a.k.c.c.internals.ConsumerCoordinator  : [Consumer clientId=consumer-file-group-1, groupId=file-group] (Re-)joining group
2026-04-03T22:24:00.548+05:30  INFO 3512 --- [batch-process] [org.springframework.kafka.KafkaListenerEndpointContainer#0-0-C-1] o.a.k.c.c.internals.ConsumerCoordinator  : [Consumer clientId=consumer-file-group-1, groupId=file-group] JoinGroup failed: Coordinator localhost:9092 (id: 2147483646 rack: null) is loading the group.
2026-04-03T22:24:00.548+05:30  INFO 3512 --- [batch-process] [org.springframework.kafka.KafkaListenerEndpointContainer#0-0-C-1] o.a.k.c.c.internals.ConsumerCoordinator  : [Consumer clientId=consumer-file-group-1, groupId=file-group] Request joining group due to: rebalance failed due to 'The coordinator is loading and hence can't process requests.' (CoordinatorLoadInProgressException)
2026-04-03T22:24:00.649+05:30  INFO 3512 --- [batch-process] [org.springframework.kafka.KafkaListenerEndpointContainer#0-0-C-1] o.a.k.c.c.internals.ConsumerCoordinator  : [Consumer clientId=consumer-file-group-1, groupId=file-group] (Re-)joining group
2026-04-03T22:24:00.685+05:30  INFO 3512 --- [batch-process] [org.springframework.kafka.KafkaListenerEndpointContainer#0-0-C-1] o.a.k.c.c.internals.ConsumerCoordinator  : [Consumer clientId=consumer-file-group-1, groupId=file-group] Request joining group due to: need to re-join with the given member-id: consumer-file-group-1-34cc01fe-7dce-4b31-b3cb-0ea73a25c096
2026-04-03T22:24:00.686+05:30  INFO 3512 --- [batch-process] [org.springframework.kafka.KafkaListenerEndpointContainer#0-0-C-1] o.a.k.c.c.internals.ConsumerCoordinator  : [Consumer clientId=consumer-file-group-1, groupId=file-group] (Re-)joining group
2026-04-03T22:24:03.801+05:30  INFO 3512 --- [batch-process] [org.springframework.kafka.KafkaListenerEndpointContainer#0-0-C-1] o.a.k.c.c.internals.ConsumerCoordinator  : [Consumer clientId=consumer-file-group-1, groupId=file-group] Successfully joined group with generation Generation{generationId=1, memberId='consumer-file-group-1-34cc01fe-7dce-4b31-b3cb-0ea73a25c096', protocol='range'}
2026-04-03T22:24:03.826+05:30  INFO 3512 --- [batch-process] [org.springframework.kafka.KafkaListenerEndpointContainer#0-0-C-1] o.a.k.c.c.internals.ConsumerCoordinator  : [Consumer clientId=consumer-file-group-1, groupId=file-group] Finished assignment for group at generation 1: {consumer-file-group-1-34cc01fe-7dce-4b31-b3cb-0ea73a25c096=Assignment(partitions=[file-topic-0, file-topic-1, file-topic-2])}
2026-04-03T22:24:03.846+05:30  INFO 3512 --- [batch-process] [org.springframework.kafka.KafkaListenerEndpointContainer#0-0-C-1] o.a.k.c.c.internals.ConsumerCoordinator  : [Consumer clientId=consumer-file-group-1, groupId=file-group] Successfully synced group in generation Generation{generationId=1, memberId='consumer-file-group-1-34cc01fe-7dce-4b31-b3cb-0ea73a25c096', protocol='range'}
2026-04-03T22:24:03.846+05:30  INFO 3512 --- [batch-process] [org.springframework.kafka.KafkaListenerEndpointContainer#0-0-C-1] o.a.k.c.c.internals.ConsumerCoordinator  : [Consumer clientId=consumer-file-group-1, groupId=file-group] Notifying assignor about the new Assignment(partitions=[file-topic-0, file-topic-1, file-topic-2])
2026-04-03T22:24:03.851+05:30  INFO 3512 --- [batch-process] [org.springframework.kafka.KafkaListenerEndpointContainer#0-0-C-1] k.c.c.i.ConsumerRebalanceListenerInvoker : [Consumer clientId=consumer-file-group-1, groupId=file-group] Adding newly assigned partitions: file-topic-0, file-topic-1, file-topic-2
2026-04-03T22:24:03.892+05:30  INFO 3512 --- [batch-process] [org.springframework.kafka.KafkaListenerEndpointContainer#0-0-C-1] o.a.k.c.c.internals.ConsumerCoordinator  : [Consumer clientId=consumer-file-group-1, groupId=file-group] Found no committed offset for partition file-topic-2
2026-04-03T22:24:03.892+05:30  INFO 3512 --- [batch-process] [org.springframework.kafka.KafkaListenerEndpointContainer#0-0-C-1] o.a.k.c.c.internals.ConsumerCoordinator  : [Consumer clientId=consumer-file-group-1, groupId=file-group] Found no committed offset for partition file-topic-0
2026-04-03T22:24:03.892+05:30  INFO 3512 --- [batch-process] [org.springframework.kafka.KafkaListenerEndpointContainer#0-0-C-1] o.a.k.c.c.internals.ConsumerCoordinator  : [Consumer clientId=consumer-file-group-1, groupId=file-group] Found no committed offset for partition file-topic-1
2026-04-03T22:24:03.951+05:30  INFO 3512 --- [batch-process] [org.springframework.kafka.KafkaListenerEndpointContainer#0-0-C-1] o.a.k.c.c.internals.SubscriptionState    : [Consumer clientId=consumer-file-group-1, groupId=file-group] Resetting offset for partition file-topic-2 to position FetchPosition{offset=0, offsetEpoch=Optional.empty, currentLeader=LeaderAndEpoch{leader=Optional[localhost:9092 (id: 1 rack: null)], epoch=0}}.
2026-04-03T22:24:03.953+05:30  INFO 3512 --- [batch-process] [org.springframework.kafka.KafkaListenerEndpointContainer#0-0-C-1] o.a.k.c.c.internals.SubscriptionState    : [Consumer clientId=consumer-file-group-1, groupId=file-group] Resetting offset for partition file-topic-0 to position FetchPosition{offset=0, offsetEpoch=Optional.empty, currentLeader=LeaderAndEpoch{leader=Optional[localhost:9092 (id: 1 rack: null)], epoch=0}}.
2026-04-03T22:24:03.953+05:30  INFO 3512 --- [batch-process] [org.springframework.kafka.KafkaListenerEndpointContainer#0-0-C-1] o.a.k.c.c.internals.SubscriptionState    : [Consumer clientId=consumer-file-group-1, groupId=file-group] Resetting offset for partition file-topic-1 to position FetchPosition{offset=0, offsetEpoch=Optional.empty, currentLeader=LeaderAndEpoch{leader=Optional[localhost:9092 (id: 1 rack: null)], epoch=0}}.
2026-04-03T22:24:03.955+05:30  INFO 3512 --- [batch-process] [org.springframework.kafka.KafkaListenerEndpointContainer#0-0-C-1] o.s.k.l.KafkaMessageListenerContainer    : file-group: partitions assigned: [file-topic-0, file-topic-1, file-topic-2]
2026-04-03T22:24:36.933+05:30  INFO 3512 --- [batch-process] [http-nio-9105-exec-3] o.a.c.c.C.[Tomcat].[localhost].[/]       : Initializing Spring DispatcherServlet 'dispatcherServlet'
2026-04-03T22:24:36.934+05:30  INFO 3512 --- [batch-process] [http-nio-9105-exec-3] o.s.web.servlet.DispatcherServlet        : Initializing Servlet 'dispatcherServlet'
2026-04-03T22:24:36.938+05:30  INFO 3512 --- [batch-process] [http-nio-9105-exec-3] o.s.web.servlet.DispatcherServlet        : Completed initialization in 4 ms
2026-04-03T22:24:37.458+05:30  INFO 3512 --- [batch-process] [http-nio-9105-exec-3] c.m.b.controller.FileUploadController    : Entered fileUpload
2026-04-03T22:24:37.458+05:30  INFO 3512 --- [batch-process] [http-nio-9105-exec-3] c.m.b.controller.FileUploadController    : Exit from fileUpload
2026-04-03T22:24:37.459+05:30  INFO 3512 --- [batch-process] [http-nio-9105-exec-3] c.m.b.service.FileUploadService          : Started reading file
2026-04-03T22:24:37.462+05:30  INFO 3512 --- [batch-process] [http-nio-9105-exec-3] c.m.b.service.FileUploadService          : Reading file is completed, now publishing message to the topic
2026-04-03T22:24:38.188+05:30  INFO 3512 --- [batch-process] [http-nio-9105-exec-3] o.a.k.clients.producer.ProducerConfig    : ProducerConfig values: 
	acks = -1
	auto.include.jmx.reporter = true
	batch.size = 16384
	bootstrap.servers = [localhost:9092]
	buffer.memory = 33554432
	client.dns.lookup = use_all_dns_ips
	client.id = batch-process-producer-1
	compression.gzip.level = -1
	compression.lz4.level = 9
	compression.type = none
	compression.zstd.level = 3
	connections.max.idle.ms = 540000
	delivery.timeout.ms = 120000
	enable.idempotence = true
	enable.metrics.push = true
	interceptor.classes = []
	key.serializer = class org.apache.kafka.common.serialization.StringSerializer
	linger.ms = 0
	max.block.ms = 60000
	max.in.flight.requests.per.connection = 5
	max.request.size = 1048576
	metadata.max.age.ms = 300000
	metadata.max.idle.ms = 300000
	metadata.recovery.strategy = none
	metric.reporters = []
	metrics.num.samples = 2
	metrics.recording.level = INFO
	metrics.sample.window.ms = 30000
	partitioner.adaptive.partitioning.enable = true
	partitioner.availability.timeout.ms = 0
	partitioner.class = null
	partitioner.ignore.keys = false
	receive.buffer.bytes = 32768
	reconnect.backoff.max.ms = 1000
	reconnect.backoff.ms = 50
	request.timeout.ms = 30000
	retries = 2147483647
	retry.backoff.max.ms = 1000
	retry.backoff.ms = 100
	sasl.client.callback.handler.class = null
	sasl.jaas.config = null
	sasl.kerberos.kinit.cmd = /usr/bin/kinit
	sasl.kerberos.min.time.before.relogin = 60000
	sasl.kerberos.service.name = null
	sasl.kerberos.ticket.renew.jitter = 0.05
	sasl.kerberos.ticket.renew.window.factor = 0.8
	sasl.login.callback.handler.class = null
	sasl.login.class = null
	sasl.login.connect.timeout.ms = null
	sasl.login.read.timeout.ms = null
	sasl.login.refresh.buffer.seconds = 300
	sasl.login.refresh.min.period.seconds = 60
	sasl.login.refresh.window.factor = 0.8
	sasl.login.refresh.window.jitter = 0.05
	sasl.login.retry.backoff.max.ms = 10000
	sasl.login.retry.backoff.ms = 100
	sasl.mechanism = GSSAPI
	sasl.oauthbearer.clock.skew.seconds = 30
	sasl.oauthbearer.expected.audience = null
	sasl.oauthbearer.expected.issuer = null
	sasl.oauthbearer.header.urlencode = false
	sasl.oauthbearer.jwks.endpoint.refresh.ms = 3600000
	sasl.oauthbearer.jwks.endpoint.retry.backoff.max.ms = 10000
	sasl.oauthbearer.jwks.endpoint.retry.backoff.ms = 100
	sasl.oauthbearer.jwks.endpoint.url = null
	sasl.oauthbearer.scope.claim.name = scope
	sasl.oauthbearer.sub.claim.name = sub
	sasl.oauthbearer.token.endpoint.url = null
	security.protocol = PLAINTEXT
	security.providers = null
	send.buffer.bytes = 131072
	socket.connection.setup.timeout.max.ms = 30000
	socket.connection.setup.timeout.ms = 10000
	ssl.cipher.suites = null
	ssl.enabled.protocols = [TLSv1.2, TLSv1.3]
	ssl.endpoint.identification.algorithm = https
	ssl.engine.factory.class = null
	ssl.key.password = null
	ssl.keymanager.algorithm = SunX509
	ssl.keystore.certificate.chain = null
	ssl.keystore.key = null
	ssl.keystore.location = null
	ssl.keystore.password = null
	ssl.keystore.type = JKS
	ssl.protocol = TLSv1.3
	ssl.provider = null
	ssl.secure.random.implementation = null
	ssl.trustmanager.algorithm = PKIX
	ssl.truststore.certificates = null
	ssl.truststore.location = null
	ssl.truststore.password = null
	ssl.truststore.type = JKS
	transaction.timeout.ms = 60000
	transactional.id = null
	value.serializer = class org.springframework.kafka.support.serializer.JsonSerializer

2026-04-03T22:24:38.241+05:30  INFO 3512 --- [batch-process] [http-nio-9105-exec-3] o.a.k.c.t.i.KafkaMetricsCollector        : initializing Kafka metrics collector
2026-04-03T22:24:38.343+05:30  INFO 3512 --- [batch-process] [http-nio-9105-exec-3] o.a.k.clients.producer.KafkaProducer     : [Producer clientId=batch-process-producer-1] Instantiated an idempotent producer.
2026-04-03T22:24:38.479+05:30  INFO 3512 --- [batch-process] [http-nio-9105-exec-3] o.a.kafka.common.utils.AppInfoParser     : Kafka version: 3.9.2
2026-04-03T22:24:38.480+05:30  INFO 3512 --- [batch-process] [http-nio-9105-exec-3] o.a.kafka.common.utils.AppInfoParser     : Kafka commitId: 5e9866f43ab8e7e4
2026-04-03T22:24:38.480+05:30  INFO 3512 --- [batch-process] [http-nio-9105-exec-3] o.a.kafka.common.utils.AppInfoParser     : Kafka startTimeMs: 1775235278479
2026-04-03T22:24:38.540+05:30  INFO 3512 --- [batch-process] [kafka-producer-network-thread | batch-process-producer-1] org.apache.kafka.clients.Metadata        : [Producer clientId=batch-process-producer-1] Cluster ID: OCN0J3vQQlGPQ093GEoIGQ
2026-04-03T22:24:38.657+05:30  INFO 3512 --- [batch-process] [kafka-producer-network-thread | batch-process-producer-1] o.a.k.c.p.internals.TransactionManager   : [Producer clientId=batch-process-producer-1] ProducerId set to 0 with epoch 0
2026-04-03T22:24:39.039+05:30  INFO 3512 --- [batch-process] [org.springframework.kafka.KafkaListenerEndpointContainer#0-0-C-1] c.m.b.service.ArtifactService            : Processing for batch size: 100
2026-04-03T22:24:41.253+05:30  INFO 3512 --- [batch-process] [org.springframework.kafka.KafkaListenerEndpointContainer#0-0-C-1] c.m.b.service.ArtifactService            : Processing for batch size: 100
2026-04-03T22:26:17.563+05:30  INFO 3512 --- [batch-process] [org.springframework.kafka.KafkaListenerEndpointContainer#0-0-C-1] k.c.c.i.ConsumerRebalanceListenerInvoker : [Consumer clientId=consumer-file-group-1, groupId=file-group] Revoke previously assigned partitions file-topic-0, file-topic-1, file-topic-2
2026-04-03T22:26:17.564+05:30  INFO 3512 --- [batch-process] [org.springframework.kafka.KafkaListenerEndpointContainer#0-0-C-1] o.s.k.l.KafkaMessageListenerContainer    : file-group: partitions revoked: [file-topic-0, file-topic-1, file-topic-2]
2026-04-03T22:26:17.565+05:30  INFO 3512 --- [batch-process] [org.springframework.kafka.KafkaListenerEndpointContainer#0-0-C-1] o.a.k.c.c.internals.ConsumerCoordinator  : [Consumer clientId=consumer-file-group-1, groupId=file-group] Member consumer-file-group-1-34cc01fe-7dce-4b31-b3cb-0ea73a25c096 sending LeaveGroup request to coordinator localhost:9092 (id: 2147483646 rack: null) due to the consumer unsubscribed from all topics
2026-04-03T22:26:17.566+05:30  INFO 3512 --- [batch-process] [org.springframework.kafka.KafkaListenerEndpointContainer#0-0-C-1] o.a.k.c.c.internals.ConsumerCoordinator  : [Consumer clientId=consumer-file-group-1, groupId=file-group] Resetting generation and member id due to: consumer pro-actively leaving the group
2026-04-03T22:26:17.566+05:30  INFO 3512 --- [batch-process] [org.springframework.kafka.KafkaListenerEndpointContainer#0-0-C-1] o.a.k.c.c.internals.ConsumerCoordinator  : [Consumer clientId=consumer-file-group-1, groupId=file-group] Request joining group due to: consumer pro-actively leaving the group
2026-04-03T22:26:17.566+05:30  INFO 3512 --- [batch-process] [org.springframework.kafka.KafkaListenerEndpointContainer#0-0-C-1] o.a.k.c.c.i.ClassicKafkaConsumer         : [Consumer clientId=consumer-file-group-1, groupId=file-group] Unsubscribed all topics or patterns and assigned partitions
2026-04-03T22:26:17.568+05:30  INFO 3512 --- [batch-process] [org.springframework.kafka.KafkaListenerEndpointContainer#0-0-C-1] o.a.k.c.c.internals.ConsumerCoordinator  : [Consumer clientId=consumer-file-group-1, groupId=file-group] Resetting generation and member id due to: consumer pro-actively leaving the group
2026-04-03T22:26:17.568+05:30  INFO 3512 --- [batch-process] [org.springframework.kafka.KafkaListenerEndpointContainer#0-0-C-1] o.a.k.c.c.internals.ConsumerCoordinator  : [Consumer clientId=consumer-file-group-1, groupId=file-group] Request joining group due to: consumer pro-actively leaving the group
2026-04-03T22:26:17.613+05:30  INFO 3512 --- [batch-process] [org.springframework.kafka.KafkaListenerEndpointContainer#0-0-C-1] o.apache.kafka.common.metrics.Metrics    : Metrics scheduler closed
2026-04-03T22:26:17.613+05:30  INFO 3512 --- [batch-process] [org.springframework.kafka.KafkaListenerEndpointContainer#0-0-C-1] o.apache.kafka.common.metrics.Metrics    : Closing reporter org.apache.kafka.common.metrics.JmxReporter
2026-04-03T22:26:17.614+05:30  INFO 3512 --- [batch-process] [org.springframework.kafka.KafkaListenerEndpointContainer#0-0-C-1] o.apache.kafka.common.metrics.Metrics    : Closing reporter org.apache.kafka.common.telemetry.internals.ClientTelemetryReporter
2026-04-03T22:26:17.614+05:30  INFO 3512 --- [batch-process] [org.springframework.kafka.KafkaListenerEndpointContainer#0-0-C-1] o.apache.kafka.common.metrics.Metrics    : Metrics reporters closed
2026-04-03T22:26:17.623+05:30  INFO 3512 --- [batch-process] [org.springframework.kafka.KafkaListenerEndpointContainer#0-0-C-1] o.a.kafka.common.utils.AppInfoParser     : App info kafka.consumer for consumer-file-group-1 unregistered
2026-04-03T22:26:17.623+05:30  INFO 3512 --- [batch-process] [org.springframework.kafka.KafkaListenerEndpointContainer#0-0-C-1] o.s.k.l.KafkaMessageListenerContainer    : file-group: Consumer stopped
2026-04-03T22:26:17.626+05:30  INFO 3512 --- [batch-process] [SpringApplicationShutdownHook] o.s.b.w.e.tomcat.GracefulShutdown        : Commencing graceful shutdown. Waiting for active requests to complete
2026-04-03T22:26:17.732+05:30  INFO 3512 --- [batch-process] [tomcat-shutdown] o.s.b.w.e.tomcat.GracefulShutdown        : Graceful shutdown complete
2026-04-03T22:26:17.735+05:30  INFO 3512 --- [batch-process] [SpringApplicationShutdownHook] o.a.k.clients.producer.KafkaProducer     : [Producer clientId=batch-process-producer-1] Closing the Kafka producer with timeoutMillis = 30000 ms.
2026-04-03T22:26:17.744+05:30  INFO 3512 --- [batch-process] [SpringApplicationShutdownHook] o.apache.kafka.common.metrics.Metrics    : Metrics scheduler closed
2026-04-03T22:26:17.745+05:30  INFO 3512 --- [batch-process] [SpringApplicationShutdownHook] o.apache.kafka.common.metrics.Metrics    : Closing reporter org.apache.kafka.common.metrics.JmxReporter
2026-04-03T22:26:17.745+05:30  INFO 3512 --- [batch-process] [SpringApplicationShutdownHook] o.apache.kafka.common.metrics.Metrics    : Closing reporter org.apache.kafka.common.telemetry.internals.ClientTelemetryReporter
2026-04-03T22:26:17.745+05:30  INFO 3512 --- [batch-process] [SpringApplicationShutdownHook] o.apache.kafka.common.metrics.Metrics    : Metrics reporters closed
2026-04-03T22:26:17.746+05:30  INFO 3512 --- [batch-process] [SpringApplicationShutdownHook] o.a.kafka.common.utils.AppInfoParser     : App info kafka.producer for batch-process-producer-1 unregistered
2026-04-03T22:26:17.750+05:30  INFO 3512 --- [batch-process] [SpringApplicationShutdownHook] j.LocalContainerEntityManagerFactoryBean : Closing JPA EntityManagerFactory for persistence unit 'default'
2026-04-03T22:26:17.754+05:30  INFO 3512 --- [batch-process] [SpringApplicationShutdownHook] com.zaxxer.hikari.HikariDataSource       : HikariPool-1 - Shutdown initiated...
2026-04-03T22:26:17.795+05:30  INFO 3512 --- [batch-process] [SpringApplicationShutdownHook] com.zaxxer.hikari.HikariDataSource       : HikariPool-1 - Shutdown completed.
2026-04-03T22:32:02.652+05:30  INFO 1868 --- [batch-process] [main] c.m.b.BatchProcessApplication            : Starting BatchProcessApplication using Java 17.0.16 with PID 1868 (D:\exercise\application-services\batch-process\target\classes started by Poojak in D:\exercise\application-services)
2026-04-03T22:32:02.660+05:30  INFO 1868 --- [batch-process] [main] c.m.b.BatchProcessApplication            : No active profile set, falling back to 1 default profile: "default"
2026-04-03T22:32:05.840+05:30  INFO 1868 --- [batch-process] [main] .s.d.r.c.RepositoryConfigurationDelegate : Bootstrapping Spring Data JPA repositories in DEFAULT mode.
2026-04-03T22:32:06.517+05:30  INFO 1868 --- [batch-process] [main] .s.d.r.c.RepositoryConfigurationDelegate : Finished Spring Data repository scanning in 629 ms. Found 2 JPA repository interfaces.
2026-04-03T22:32:09.268+05:30  INFO 1868 --- [batch-process] [main] o.s.b.w.embedded.tomcat.TomcatWebServer  : Tomcat initialized with port 9105 (http)
2026-04-03T22:32:09.295+05:30  INFO 1868 --- [batch-process] [main] o.apache.catalina.core.StandardService   : Starting service [Tomcat]
2026-04-03T22:32:09.296+05:30  INFO 1868 --- [batch-process] [main] o.apache.catalina.core.StandardEngine    : Starting Servlet engine: [Apache Tomcat/10.1.53]
2026-04-03T22:32:09.433+05:30  INFO 1868 --- [batch-process] [main] o.a.c.c.C.[Tomcat].[localhost].[/]       : Initializing Spring embedded WebApplicationContext
2026-04-03T22:32:09.435+05:30  INFO 1868 --- [batch-process] [main] w.s.c.ServletWebServerApplicationContext : Root WebApplicationContext: initialization completed in 6645 ms
2026-04-03T22:32:09.958+05:30  INFO 1868 --- [batch-process] [main] o.hibernate.jpa.internal.util.LogHelper  : HHH000204: Processing PersistenceUnitInfo [name: default]
2026-04-03T22:32:10.094+05:30  INFO 1868 --- [batch-process] [main] org.hibernate.Version                    : HHH000412: Hibernate ORM core version 6.6.45.Final
2026-04-03T22:32:10.186+05:30  INFO 1868 --- [batch-process] [main] o.h.c.internal.RegionFactoryInitiator    : HHH000026: Second-level cache disabled
2026-04-03T22:32:11.263+05:30  INFO 1868 --- [batch-process] [main] o.s.o.j.p.SpringPersistenceUnitInfo      : No LoadTimeWeaver setup: ignoring JPA class transformer
2026-04-03T22:32:11.350+05:30  INFO 1868 --- [batch-process] [main] com.zaxxer.hikari.HikariDataSource       : HikariPool-1 - Starting...
2026-04-03T22:32:12.954+05:30  INFO 1868 --- [batch-process] [main] com.zaxxer.hikari.pool.HikariPool        : HikariPool-1 - Added connection com.mysql.cj.jdbc.ConnectionImpl@1029cf9
2026-04-03T22:32:12.958+05:30  INFO 1868 --- [batch-process] [main] com.zaxxer.hikari.HikariDataSource       : HikariPool-1 - Start completed.
2026-04-03T22:32:13.348+05:30  INFO 1868 --- [batch-process] [main] org.hibernate.orm.connections.pooling    : HHH10001005: Database info:
	Database JDBC URL [Connecting through datasource 'HikariDataSource (HikariPool-1)']
	Database driver: undefined/unknown
	Database version: 8.0.44
	Autocommit mode: undefined/unknown
	Isolation level: undefined/unknown
	Minimum pool size: undefined/unknown
	Maximum pool size: undefined/unknown
2026-04-03T22:32:15.715+05:30  INFO 1868 --- [batch-process] [main] o.h.e.t.j.p.i.JtaPlatformInitiator       : HHH000489: No JTA platform available (set 'hibernate.transaction.jta.platform' to enable JTA platform integration)
2026-04-03T22:32:16.105+05:30  INFO 1868 --- [batch-process] [main] j.LocalContainerEntityManagerFactoryBean : Initialized JPA EntityManagerFactory for persistence unit 'default'
2026-04-03T22:32:16.865+05:30  WARN 1868 --- [batch-process] [main] JpaBaseConfiguration$JpaWebConfiguration : spring.jpa.open-in-view is enabled by default. Therefore, database queries may be performed during view rendering. Explicitly configure spring.jpa.open-in-view to disable this warning
2026-04-03T22:32:18.234+05:30  INFO 1868 --- [batch-process] [main] o.s.b.w.embedded.tomcat.TomcatWebServer  : Tomcat started on port 9105 (http) with context path '/'
2026-04-03T22:32:18.362+05:30  INFO 1868 --- [batch-process] [main] o.a.k.clients.consumer.ConsumerConfig    : ConsumerConfig values: 
	allow.auto.create.topics = true
	auto.commit.interval.ms = 5000
	auto.include.jmx.reporter = true
	auto.offset.reset = earliest
	bootstrap.servers = [localhost:9092]
	check.crcs = true
	client.dns.lookup = use_all_dns_ips
	client.id = consumer-file-group-1
	client.rack = 
	connections.max.idle.ms = 540000
	default.api.timeout.ms = 60000
	enable.auto.commit = false
	enable.metrics.push = true
	exclude.internal.topics = true
	fetch.max.bytes = 52428800
	fetch.max.wait.ms = 500
	fetch.min.bytes = 1
	group.id = file-group
	group.instance.id = null
	group.protocol = classic
	group.remote.assignor = null
	heartbeat.interval.ms = 3000
	interceptor.classes = []
	internal.leave.group.on.close = true
	internal.throw.on.fetch.stable.offset.unsupported = false
	isolation.level = read_uncommitted
	key.deserializer = class org.apache.kafka.common.serialization.StringDeserializer
	max.partition.fetch.bytes = 1048576
	max.poll.interval.ms = 300000
	max.poll.records = 500
	metadata.max.age.ms = 300000
	metadata.recovery.strategy = none
	metric.reporters = []
	metrics.num.samples = 2
	metrics.recording.level = INFO
	metrics.sample.window.ms = 30000
	partition.assignment.strategy = [class org.apache.kafka.clients.consumer.RangeAssignor, class org.apache.kafka.clients.consumer.CooperativeStickyAssignor]
	receive.buffer.bytes = 65536
	reconnect.backoff.max.ms = 1000
	reconnect.backoff.ms = 50
	request.timeout.ms = 30000
	retry.backoff.max.ms = 1000
	retry.backoff.ms = 100
	sasl.client.callback.handler.class = null
	sasl.jaas.config = null
	sasl.kerberos.kinit.cmd = /usr/bin/kinit
	sasl.kerberos.min.time.before.relogin = 60000
	sasl.kerberos.service.name = null
	sasl.kerberos.ticket.renew.jitter = 0.05
	sasl.kerberos.ticket.renew.window.factor = 0.8
	sasl.login.callback.handler.class = null
	sasl.login.class = null
	sasl.login.connect.timeout.ms = null
	sasl.login.read.timeout.ms = null
	sasl.login.refresh.buffer.seconds = 300
	sasl.login.refresh.min.period.seconds = 60
	sasl.login.refresh.window.factor = 0.8
	sasl.login.refresh.window.jitter = 0.05
	sasl.login.retry.backoff.max.ms = 10000
	sasl.login.retry.backoff.ms = 100
	sasl.mechanism = GSSAPI
	sasl.oauthbearer.clock.skew.seconds = 30
	sasl.oauthbearer.expected.audience = null
	sasl.oauthbearer.expected.issuer = null
	sasl.oauthbearer.header.urlencode = false
	sasl.oauthbearer.jwks.endpoint.refresh.ms = 3600000
	sasl.oauthbearer.jwks.endpoint.retry.backoff.max.ms = 10000
	sasl.oauthbearer.jwks.endpoint.retry.backoff.ms = 100
	sasl.oauthbearer.jwks.endpoint.url = null
	sasl.oauthbearer.scope.claim.name = scope
	sasl.oauthbearer.sub.claim.name = sub
	sasl.oauthbearer.token.endpoint.url = null
	security.protocol = PLAINTEXT
	security.providers = null
	send.buffer.bytes = 131072
	session.timeout.ms = 45000
	socket.connection.setup.timeout.max.ms = 30000
	socket.connection.setup.timeout.ms = 10000
	ssl.cipher.suites = null
	ssl.enabled.protocols = [TLSv1.2, TLSv1.3]
	ssl.endpoint.identification.algorithm = https
	ssl.engine.factory.class = null
	ssl.key.password = null
	ssl.keymanager.algorithm = SunX509
	ssl.keystore.certificate.chain = null
	ssl.keystore.key = null
	ssl.keystore.location = null
	ssl.keystore.password = null
	ssl.keystore.type = JKS
	ssl.protocol = TLSv1.3
	ssl.provider = null
	ssl.secure.random.implementation = null
	ssl.trustmanager.algorithm = PKIX
	ssl.truststore.certificates = null
	ssl.truststore.location = null
	ssl.truststore.password = null
	ssl.truststore.type = JKS
	value.deserializer = class org.springframework.kafka.support.serializer.JsonDeserializer

2026-04-03T22:32:18.936+05:30  INFO 1868 --- [batch-process] [main] o.a.k.c.t.i.KafkaMetricsCollector        : initializing Kafka metrics collector
2026-04-03T22:32:19.240+05:30  INFO 1868 --- [batch-process] [main] o.a.kafka.common.utils.AppInfoParser     : Kafka version: 3.9.2
2026-04-03T22:32:19.240+05:30  INFO 1868 --- [batch-process] [main] o.a.kafka.common.utils.AppInfoParser     : Kafka commitId: 5e9866f43ab8e7e4
2026-04-03T22:32:19.240+05:30  INFO 1868 --- [batch-process] [main] o.a.kafka.common.utils.AppInfoParser     : Kafka startTimeMs: 1775235739237
2026-04-03T22:32:19.246+05:30  INFO 1868 --- [batch-process] [main] o.a.k.c.c.i.ClassicKafkaConsumer         : [Consumer clientId=consumer-file-group-1, groupId=file-group] Subscribed to topic(s): file-topic
2026-04-03T22:32:19.308+05:30  INFO 1868 --- [batch-process] [main] c.m.b.BatchProcessApplication            : Started BatchProcessApplication in 19.73 seconds (process running for 21.037)
2026-04-03T22:32:20.196+05:30  INFO 1868 --- [batch-process] [org.springframework.kafka.KafkaListenerEndpointContainer#0-0-C-1] org.apache.kafka.clients.Metadata        : [Consumer clientId=consumer-file-group-1, groupId=file-group] Cluster ID: OCN0J3vQQlGPQ093GEoIGQ
2026-04-03T22:32:20.197+05:30  INFO 1868 --- [batch-process] [org.springframework.kafka.KafkaListenerEndpointContainer#0-0-C-1] o.a.k.c.c.internals.ConsumerCoordinator  : [Consumer clientId=consumer-file-group-1, groupId=file-group] Discovered group coordinator localhost:9092 (id: 2147483646 rack: null)
2026-04-03T22:32:20.202+05:30  INFO 1868 --- [batch-process] [org.springframework.kafka.KafkaListenerEndpointContainer#0-0-C-1] o.a.k.c.c.internals.ConsumerCoordinator  : [Consumer clientId=consumer-file-group-1, groupId=file-group] (Re-)joining group
2026-04-03T22:32:20.231+05:30  INFO 1868 --- [batch-process] [org.springframework.kafka.KafkaListenerEndpointContainer#0-0-C-1] o.a.k.c.c.internals.ConsumerCoordinator  : [Consumer clientId=consumer-file-group-1, groupId=file-group] Request joining group due to: need to re-join with the given member-id: consumer-file-group-1-5296c645-0911-413b-8f1a-ff79a04142b8
2026-04-03T22:32:20.234+05:30  INFO 1868 --- [batch-process] [org.springframework.kafka.KafkaListenerEndpointContainer#0-0-C-1] o.a.k.c.c.internals.ConsumerCoordinator  : [Consumer clientId=consumer-file-group-1, groupId=file-group] (Re-)joining group
2026-04-03T22:32:23.242+05:30  INFO 1868 --- [batch-process] [org.springframework.kafka.KafkaListenerEndpointContainer#0-0-C-1] o.a.k.c.c.internals.ConsumerCoordinator  : [Consumer clientId=consumer-file-group-1, groupId=file-group] Successfully joined group with generation Generation{generationId=3, memberId='consumer-file-group-1-5296c645-0911-413b-8f1a-ff79a04142b8', protocol='range'}
2026-04-03T22:32:23.279+05:30  INFO 1868 --- [batch-process] [org.springframework.kafka.KafkaListenerEndpointContainer#0-0-C-1] o.a.k.c.c.internals.ConsumerCoordinator  : [Consumer clientId=consumer-file-group-1, groupId=file-group] Finished assignment for group at generation 3: {consumer-file-group-1-5296c645-0911-413b-8f1a-ff79a04142b8=Assignment(partitions=[file-topic-0, file-topic-1, file-topic-2])}
2026-04-03T22:32:23.298+05:30  INFO 1868 --- [batch-process] [org.springframework.kafka.KafkaListenerEndpointContainer#0-0-C-1] o.a.k.c.c.internals.ConsumerCoordinator  : [Consumer clientId=consumer-file-group-1, groupId=file-group] Successfully synced group in generation Generation{generationId=3, memberId='consumer-file-group-1-5296c645-0911-413b-8f1a-ff79a04142b8', protocol='range'}
2026-04-03T22:32:23.299+05:30  INFO 1868 --- [batch-process] [org.springframework.kafka.KafkaListenerEndpointContainer#0-0-C-1] o.a.k.c.c.internals.ConsumerCoordinator  : [Consumer clientId=consumer-file-group-1, groupId=file-group] Notifying assignor about the new Assignment(partitions=[file-topic-0, file-topic-1, file-topic-2])
2026-04-03T22:32:23.304+05:30  INFO 1868 --- [batch-process] [org.springframework.kafka.KafkaListenerEndpointContainer#0-0-C-1] k.c.c.i.ConsumerRebalanceListenerInvoker : [Consumer clientId=consumer-file-group-1, groupId=file-group] Adding newly assigned partitions: file-topic-0, file-topic-1, file-topic-2
2026-04-03T22:32:23.317+05:30  INFO 1868 --- [batch-process] [org.springframework.kafka.KafkaListenerEndpointContainer#0-0-C-1] o.a.k.c.c.internals.ConsumerCoordinator  : [Consumer clientId=consumer-file-group-1, groupId=file-group] Found no committed offset for partition file-topic-2
2026-04-03T22:32:23.317+05:30  INFO 1868 --- [batch-process] [org.springframework.kafka.KafkaListenerEndpointContainer#0-0-C-1] o.a.k.c.c.internals.ConsumerCoordinator  : [Consumer clientId=consumer-file-group-1, groupId=file-group] Found no committed offset for partition file-topic-1
2026-04-03T22:32:23.321+05:30  INFO 1868 --- [batch-process] [org.springframework.kafka.KafkaListenerEndpointContainer#0-0-C-1] o.a.k.c.c.internals.ConsumerUtils        : Setting offset for partition file-topic-0 to the committed offset FetchPosition{offset=1, offsetEpoch=Optional.empty, currentLeader=LeaderAndEpoch{leader=Optional[localhost:9092 (id: 1 rack: null)], epoch=0}}
2026-04-03T22:32:23.344+05:30  INFO 1868 --- [batch-process] [org.springframework.kafka.KafkaListenerEndpointContainer#0-0-C-1] o.a.k.c.c.internals.SubscriptionState    : [Consumer clientId=consumer-file-group-1, groupId=file-group] Resetting offset for partition file-topic-2 to position FetchPosition{offset=0, offsetEpoch=Optional.empty, currentLeader=LeaderAndEpoch{leader=Optional[localhost:9092 (id: 1 rack: null)], epoch=0}}.
2026-04-03T22:32:23.344+05:30  INFO 1868 --- [batch-process] [org.springframework.kafka.KafkaListenerEndpointContainer#0-0-C-1] o.a.k.c.c.internals.SubscriptionState    : [Consumer clientId=consumer-file-group-1, groupId=file-group] Resetting offset for partition file-topic-1 to position FetchPosition{offset=0, offsetEpoch=Optional.empty, currentLeader=LeaderAndEpoch{leader=Optional[localhost:9092 (id: 1 rack: null)], epoch=0}}.
2026-04-03T22:32:23.346+05:30  INFO 1868 --- [batch-process] [org.springframework.kafka.KafkaListenerEndpointContainer#0-0-C-1] o.s.k.l.KafkaMessageListenerContainer    : file-group: partitions assigned: [file-topic-0, file-topic-1, file-topic-2]
2026-04-03T22:33:18.479+05:30  INFO 1868 --- [batch-process] [http-nio-9105-exec-2] o.a.c.c.C.[Tomcat].[localhost].[/]       : Initializing Spring DispatcherServlet 'dispatcherServlet'
2026-04-03T22:33:18.480+05:30  INFO 1868 --- [batch-process] [http-nio-9105-exec-2] o.s.web.servlet.DispatcherServlet        : Initializing Servlet 'dispatcherServlet'
2026-04-03T22:33:18.486+05:30  INFO 1868 --- [batch-process] [http-nio-9105-exec-2] o.s.web.servlet.DispatcherServlet        : Completed initialization in 5 ms
2026-04-03T22:33:20.758+05:30  WARN 1868 --- [batch-process] [http-nio-9105-exec-2] ration$PageModule$WarningLoggingModifier : Serializing PageImpl instances as-is is not supported, meaning that there is no guarantee about the stability of the resulting JSON structure!
	For a stable JSON structure, please use Spring Data's PagedModel (globally via @EnableSpringDataWebSupport(pageSerializationMode = VIA_DTO))
	or Spring HATEOAS and Spring Data's PagedResourcesAssembler as documented in https://docs.spring.io/spring-data/commons/reference/repositories/core-extensions.html#core.web.pageables.

2026-04-03T22:34:14.974+05:30  INFO 1868 --- [batch-process] [org.springframework.kafka.KafkaListenerEndpointContainer#0-0-C-1] k.c.c.i.ConsumerRebalanceListenerInvoker : [Consumer clientId=consumer-file-group-1, groupId=file-group] Revoke previously assigned partitions file-topic-0, file-topic-1, file-topic-2
2026-04-03T22:34:14.976+05:30  INFO 1868 --- [batch-process] [org.springframework.kafka.KafkaListenerEndpointContainer#0-0-C-1] o.s.k.l.KafkaMessageListenerContainer    : file-group: partitions revoked: [file-topic-0, file-topic-1, file-topic-2]
2026-04-03T22:34:14.977+05:30  INFO 1868 --- [batch-process] [org.springframework.kafka.KafkaListenerEndpointContainer#0-0-C-1] o.a.k.c.c.internals.ConsumerCoordinator  : [Consumer clientId=consumer-file-group-1, groupId=file-group] Member consumer-file-group-1-5296c645-0911-413b-8f1a-ff79a04142b8 sending LeaveGroup request to coordinator localhost:9092 (id: 2147483646 rack: null) due to the consumer unsubscribed from all topics
2026-04-03T22:34:14.978+05:30  INFO 1868 --- [batch-process] [org.springframework.kafka.KafkaListenerEndpointContainer#0-0-C-1] o.a.k.c.c.internals.ConsumerCoordinator  : [Consumer clientId=consumer-file-group-1, groupId=file-group] Resetting generation and member id due to: consumer pro-actively leaving the group
2026-04-03T22:34:14.979+05:30  INFO 1868 --- [batch-process] [org.springframework.kafka.KafkaListenerEndpointContainer#0-0-C-1] o.a.k.c.c.internals.ConsumerCoordinator  : [Consumer clientId=consumer-file-group-1, groupId=file-group] Request joining group due to: consumer pro-actively leaving the group
2026-04-03T22:34:14.979+05:30  INFO 1868 --- [batch-process] [org.springframework.kafka.KafkaListenerEndpointContainer#0-0-C-1] o.a.k.c.c.i.ClassicKafkaConsumer         : [Consumer clientId=consumer-file-group-1, groupId=file-group] Unsubscribed all topics or patterns and assigned partitions
2026-04-03T22:34:14.981+05:30  INFO 1868 --- [batch-process] [org.springframework.kafka.KafkaListenerEndpointContainer#0-0-C-1] o.a.k.c.c.internals.ConsumerCoordinator  : [Consumer clientId=consumer-file-group-1, groupId=file-group] Resetting generation and member id due to: consumer pro-actively leaving the group
2026-04-03T22:34:14.982+05:30  INFO 1868 --- [batch-process] [org.springframework.kafka.KafkaListenerEndpointContainer#0-0-C-1] o.a.k.c.c.internals.ConsumerCoordinator  : [Consumer clientId=consumer-file-group-1, groupId=file-group] Request joining group due to: consumer pro-actively leaving the group
2026-04-03T22:34:15.016+05:30  INFO 1868 --- [batch-process] [org.springframework.kafka.KafkaListenerEndpointContainer#0-0-C-1] o.apache.kafka.common.metrics.Metrics    : Metrics scheduler closed
2026-04-03T22:34:15.016+05:30  INFO 1868 --- [batch-process] [org.springframework.kafka.KafkaListenerEndpointContainer#0-0-C-1] o.apache.kafka.common.metrics.Metrics    : Closing reporter org.apache.kafka.common.metrics.JmxReporter
2026-04-03T22:34:15.016+05:30  INFO 1868 --- [batch-process] [org.springframework.kafka.KafkaListenerEndpointContainer#0-0-C-1] o.apache.kafka.common.metrics.Metrics    : Closing reporter org.apache.kafka.common.telemetry.internals.ClientTelemetryReporter
2026-04-03T22:34:15.017+05:30  INFO 1868 --- [batch-process] [org.springframework.kafka.KafkaListenerEndpointContainer#0-0-C-1] o.apache.kafka.common.metrics.Metrics    : Metrics reporters closed
2026-04-03T22:34:15.028+05:30  INFO 1868 --- [batch-process] [org.springframework.kafka.KafkaListenerEndpointContainer#0-0-C-1] o.a.kafka.common.utils.AppInfoParser     : App info kafka.consumer for consumer-file-group-1 unregistered
2026-04-03T22:34:15.029+05:30  INFO 1868 --- [batch-process] [org.springframework.kafka.KafkaListenerEndpointContainer#0-0-C-1] o.s.k.l.KafkaMessageListenerContainer    : file-group: Consumer stopped
2026-04-03T22:34:15.044+05:30  INFO 1868 --- [batch-process] [SpringApplicationShutdownHook] o.s.b.w.e.tomcat.GracefulShutdown        : Commencing graceful shutdown. Waiting for active requests to complete
2026-04-03T22:34:15.142+05:30  INFO 1868 --- [batch-process] [tomcat-shutdown] o.s.b.w.e.tomcat.GracefulShutdown        : Graceful shutdown complete
2026-04-03T22:34:15.149+05:30  INFO 1868 --- [batch-process] [SpringApplicationShutdownHook] j.LocalContainerEntityManagerFactoryBean : Closing JPA EntityManagerFactory for persistence unit 'default'
2026-04-03T22:34:15.153+05:30  INFO 1868 --- [batch-process] [SpringApplicationShutdownHook] com.zaxxer.hikari.HikariDataSource       : HikariPool-1 - Shutdown initiated...
2026-04-03T22:34:15.197+05:30  INFO 1868 --- [batch-process] [SpringApplicationShutdownHook] com.zaxxer.hikari.HikariDataSource       : HikariPool-1 - Shutdown completed.
